-0.26366168764642345,0.10449914962224438,0.9565840307328233,0.8552807472212701,0.9726107633578167,-0.1642335309688649,-0.8707928639934996,-1.4953355261831076,-0.915744269800182,-0.32509840142635793
1.3519375146012298,0.16138266224900322,0.4089818780198742,0.9222746616516337,0.6886050180158803,0.007025179240058771,-1.2183662896015763,-0.6079025058823637,-0.5197836123220645,1.2710806605229357
-0.14388642190245124,-0.012761193473277643,-0.07621035231080564,1.1732317966837043,0.0577661453733338,-0.1150754386175923,-1.161753704277158,-1.443804398141455,-1.1434883025280687,-0.18918603662300618
-0.4591180622530805,-0.3996946800190886,0.8073535143548223,0.926619064847669,1.3000987596554006,1.2393570586281453,-1.1746351196353224,-1.3181567494780244,-0.8290574279366564,-0.508132184511925
-0.0203834474181055,-0.16020981036230797,0.14779965702138342,0.8611102116530153,0.1675623979563104,-0.268536554018394,-0.9038975796288842,-0.6675197258279653,0.01884865814269976,-0.11407684371408783
0.4094298639239882,0.8044189516180315,0.03236051016039043,1.1031771178384246,0.6866012918196515,0.8660607552076507,-0.8813661908781385,-0.9521561566378862,-0.7503325701139788,0.308426365203127
0.90894721097336,-0.27601421648081603,0.3541507673384381,0.9630126464107722,1.0819188434870677,-0.7808875171688916,-0.14267789526878188,-0.13556186476183818,-1.635495338203277,0.9309537478668767
-0.183263683792672,0.27572733520731346,0.8150542570292143,1.3438453644323791,-0.7760299683217214,0.23196573417166058,-0.006694587303538668,-1.2959308370817386,-0.9304211420227748,-0.24857133007122437
0.3394882426617454,0.7298645644647036,1.0043364534944201,0.8815344336005133,0.6892211786254799,1.2095103156579792,-0.3196245146674551,-0.3277784578042682,-1.341236226783769,0.27175393192186864
0.5339262476628366,0.2886061401622732,1.0539561811890226,1.182257220210232,0.616488651838598,-0.5171844805689146,-0.7283502353736888,-0.6091115094678242,-0.8998559392181996,0.4855752109211082
-0.15693619802522002,0.6481235500737759,0.5597429370655558,1.150590284874076,-0.10683591141496862,0.12523371269245134,-0.03572185747682888,-0.905605851669832,-1.643303575067066,-0.06048806113628423
-0.5283061956840178,1.4374402686702883,1.0666696248029237,0.9938122347958501,0.9157323629593082,1.0078484049124585,-0.913937049727383,-1.0788634943430737,-1.8444628588676553,-0.6515836578929881
-0.5074892018176687,0.8925632939866674,1.520504188196775,1.63216979963081,0.9246860628685453,-0.19900306532592288,-0.6242084291462905,-0.7560467039143388,-1.2749406074119225,-0.5907007039128603
0.22230179365816158,0.18599223692180494,0.6645623430822609,0.7429669750237062,0.5289095728441353,0.005639272581941168,-1.2985378967593153,-0.5979855063475804,-1.297518874287944,0.24301358089453423
0.8161243477159168,0.8241618413027012,0.14202317431738876,1.3398134132411466,-0.05313206474969012,-0.06797275813890102,-1.4842626661951885,-1.6730337028213746,0.09643375159156475,0.8514068326323921
0.27704953488966344,-0.2792113242609018,1.302125950460064,1.611144642769386,0.07055762279053746,0.20407934427150898,-0.3134138554590204,-0.8542727616211925,-0.7014733502448618,0.19167799621688014
0.18970300926711248,0.896002641240086,1.2136481513661213,0.9839909944864139,1.6193917384953571,0.3485761623548239,-0.9254622942956068,-1.984547024965749,-1.1414992065069776,0.1414089728568812
-0.18904989758231716,0.7938030579738531,0.5567881810215045,0.5763209674445282,0.5611192900093899,-0.6303266737185699,-0.8413007368615325,-1.0616186809823283,-0.19733836346954103,-0.3708648668352168
0.45664257065761366,0.5934450349596169,0.4122017224381398,0.4832070514329425,0.7194248530325805,-0.21577612316936073,-0.5363819565395319,-0.9261450075661508,-0.7186680930188677,0.42173741499660167
0.24441013600420788,-0.001219627360345421,1.0152545065172771,0.8102104259880448,0.31843806498448946,0.00846245657567027,-0.6469540917893888,-1.5613511492737833,0.4049544621147223,0.17473653166980327
-0.6394403665165552,1.6268495486229493,0.8550851197483257,0.01615710776335577,-0.048572219167759445,0.056940648038698936,-1.5027980054095198,-0.6528491381721861,-0.12238058353019132,-0.7322003059697462
0.39943154387692104,0.2614796229057852,1.412392817183313,1.2962319065849988,0.7781449752674366,-0.808741290971673,-1.3322579647547257,-1.278518243623132,-0.5341857739031699,0.2658188377635792
-0.3717439823489973,0.3622243874605676,0.8468259506707858,1.1188724636492824,0.4215093659579944,-0.34418624646118395,-0.10847938702180865,-0.5245172380415153,-1.1039360163651049,-0.48250450120107563
-0.43290134854985185,-0.6563008690834238,0.23637414016371194,0.7279551133893584,0.8734723605514602,0.4065025893337455,-0.3188772721337695,-1.6512548446264326,-1.691034719283449,-0.528816229488158
-0.3930663263364953,0.3652317477357857,0.4251790894669907,0.2893431523405555,0.46190013697856525,0.11207772380278389,-0.8209785974718731,-1.1915503375141803,-1.3410381605176374,-0.5087364488911236
-0.5837424954101152,0.5996347778003523,-0.061541803171562326,1.126365743153574,0.6302448321333578,0.6544040050363704,-0.07537872707509163,-1.6348368993739446,-0.6056574514762829,-0.6555921083228642
-0.4506966668626294,-0.21124882200341177,1.2607750042192727,1.1325808225570881,1.5412282675745361,-0.03988960296304256,-1.0930976627649245,-0.10817331743943293,-1.57254908623031,-0.45962289962479813
0.28684300909846466,0.24971816628007748,0.5999813487183008,0.6889483472783333,0.9670037374803298,-0.03050602795600535,-0.4659351144378244,-1.0088454103317184,-0.16221870366909152,0.1934772133815168
-0.537993912345959,1.1400885494958155,1.1329506528248914,0.8681066129686928,0.0824830766535144,-0.8937164929156451,-1.3193198779546242,-0.405663238574429,-0.47672760483957627,-0.6016794028545158
-0.4373896585590365,0.6936749335045007,1.1150126373977254,1.8454632743049832,0.3967922733040866,-0.20865430752626282,-0.6692567441474754,-1.1953159982500507,-1.2169584341056254,-0.5796422001216208
-0.47206460602028816,0.549631366556077,1.3096286253687501,0.8070378972203589,0.8119659528103437,0.26820742419067484,-0.9587733901537756,-1.5209894223979585,-1.4101480467217704,-0.4621475767352587
0.3688173015282759,1.274860399803382,1.151340159466626,0.42424057090129674,0.3199872772919615,0.2598380209693775,-0.5086281607262237,-1.0902872366648295,-0.7897568198365711,0.3837505623697642
0.2172036724890291,0.5670650780834585,0.96482190123603,0.140360256106853,0.6506169830152952,0.178489454084625,-0.3951381989831717,0.13906541115404913,-1.1447752279163512,0.09697027673547243
0.6191919384730155,0.3845494400110223,1.1357151791669986,0.3902013594960525,0.8860614435086536,0.23842875272441988,-1.7203888728437455,-1.3757053960722496,-0.11535947388724432,0.5872218969137947
-0.013618997281538432,0.24141839484872868,0.42728355482236746,0.42729978978967953,0.754522872874683,-0.40148185077000864,-0.38866464429761277,-0.8322674308350373,-0.9708149484540388,-0.036583285195463916
-0.38638624901655183,0.40297324302869864,0.27547818184245876,1.4584456361005982,0.23408308698784192,0.3722764442224186,-1.3961330460419337,-1.3832487913004163,-1.1814242652110023,-0.5231155575188969
-0.15143548223474337,1.3624653190057434,0.9443346543056723,1.4086545383401763,0.6426841663040025,-0.37768138265007495,0.1471132766980181,-0.9180373993168722,0.8265597697570302,-0.21239040822659883
-0.69625931463524,0.10285148561350616,0.5655130251581936,2.2210577560845053,1.25670557644776,0.549391513089479,-0.14593355844815803,-0.9549295580090935,-1.17731485785182,-0.7741140677917078
0.9662081050688186,0.7893253991583669,0.5679924824750447,0.7843479749776407,0.7299602380603986,0.3669752700435281,-0.7093106109549211,-1.2363906252409702,-1.0561126105340837,0.8315536248002211
-0.5350031009786782,0.446665484855343,-0.16093293625686733,0.9178131327043328,1.336282146566909,0.5942524871269572,-1.1580761334342455,-1.4029411070464572,-1.1774528523592884,-0.5587345431556805
0.03700884343798619,1.359722211161818,1.444571535011845,0.8281239069032286,0.674319363400777,-0.411049437281454,-0.07441781426279415,-1.0260071043895769,-1.3688873406095432,0.010619590700593193
-0.5390830554817124,-0.10718651759809794,1.4275822162460674,0.4788939370181355,0.5147890354115355,0.3469293954382411,-0.46920844063935824,-0.8400511200355343,-1.4760200848708256,-0.5319817609349256
-0.7580542238303412,0.0581470538437886,1.4251850804222053,0.7863604830432724,0.33073963155910974,-0.2835452646781457,-0.6063496832174451,-0.19114659028286662,-1.0752224347732906,-0.8070537540531301
-0.373816679047475,0.14639608760464007,0.3043401842352873,1.1460252998864946,-0.1737637252730313,0.8674103648406727,-0.8445995020628463,-1.3380395373771912,-1.2580131612719372,-0.4219537104372456
0.9663019141603015,0.24049094621107725,0.6516094961305723,0.38292329004231385,-0.043235847913559944,-0.09084329694561015,-0.7704809674180765,-0.9767582935601059,-1.228374477520534,0.8762028781324663
-0.5842625423410375,0.5797455399989083,1.099543808989264,1.871539512661693,0.4074178727885347,0.08525785191987464,-0.8828369254712426,-0.7490071885715167,-0.9986215385571016,-0.6867652629510994
0.14678764728485874,0.4292305275798307,0.07791132374448972,0.21189169754624804,0.9675702286582306,0.20238424173806485,-0.6605373011688067,-1.2598933952121745,-0.585272144076674,0.12428384654254236
0.1519242588376165,0.5038447162673423,0.7052743392947087,1.3814094779197454,0.9216938090944086,-0.3747212995659548,-1.561820852130757,-1.9035333717000884,-1.5923355486046797,0.15641598224027856
0.4180067572477123,-0.17384393327347258,1.1746042905722511,0.8897474501632588,0.7130632923569966,0.335785726996629,-0.7252065041728002,-0.9201945588022951,-0.6160364874461652,0.36269154525728015
-1.0010998018385175,1.4979210132936274,0.5184856033273937,1.1744857106449609,0.12178641248874505,0.11129973774779493,-0.372328019960365,-1.1406320160351378,0.26352261333811633,-0.9499633370931612
0.15632127897860718,-0.007014475002620868,0.8852024112960626,1.8023616078905174,0.12990648138907535,-0.45872895214949605,-1.680295946131551,-0.6451203203116753,-1.0226225007347742,0.09208951134017111
0.0064717868659511105,-0.00837904193407768,0.07453649765402526,0.9587755474714935,1.1579880588335185,0.11180089152606805,-0.8586545488041272,-0.8309784696628164,-1.1087715051725866,-0.04150564406532982
0.21568815292179605,-0.01791879270940344,0.47818623941200844,0.7601182038555798,0.999185114521068,-0.11578535546903103,-0.9866839624170272,-0.5844942113019047,-1.1113511314601126,0.17649789448183067
-0.680106709807791,0.12977929108097702,0.19769702913207599,0.4017866695459499,0.21368980969884488,0.2804395828265902,-0.7932229784244155,-0.8494293194582702,-0.6175694269193129,-0.745095785927769
-0.6362118074444176,1.541048645141013,0.4923870385518912,0.6276918781403762,0.8659675378919569,0.20660166306906844,-1.0545188317961758,-1.3186400104610814,-1.2501845993157092,-0.7127535139931527
-0.07751678878739728,0.04976230633656864,0.6621117310816649,1.0480918786338846,0.63618886305809,0.017701018142660684,-0.09176504377842115,-1.358979093244618,-0.5943033550107917,-0.20814867745801569
0.2678802064818778,0.6956644745475148,0.9384670972859821,0.7095935412291587,0.6129310817755785,-0.34664860420310983,-0.6895751975906437,-1.7422789938598622,-0.9070829080805175,0.23118528241263603
-0.18143525761293716,0.6990840977534764,0.8678635063324727,1.2667779345456305,0.7654615576301917,-0.13726084083227014,0.039283886708787574,-0.6971964922888437,-1.2700529607534572,-0.09233702890455518
0.13117667432669053,1.0310869284284836,1.2866939293188886,2.1599019303558036,1.1424031050139423,0.3680725563274255,-0.35146989307471754,-1.4740996684268646,-0.7545168282490441,0.15684066915644818
0.11372512325897649,0.930654777797752,1.3984957865499759,0.5261313973343595,0.2928470675384714,-0.7364955408600676,-0.16879886444326836,-0.12316771605587973,-0.5853896857513156,0.09121418047328372
-0.3184639262069314,0.3322082999832439,0.8741259843264537,1.3824352685977481,0.6313239622620109,-0.24920033336206468,-0.31365341337878616,-1.0186957348038448,-1.4429230695749187,-0.41723726828292856
-0.053976911743759785,1.1611999179412673,1.7418763924553304,1.7910727815916676,0.6702768526302223,-0.49212443471456196,-0.28182802280600533,-2.6226990116088347,-0.8433620952287071,-0.0570835775542286
-0.49354059730818567,0.6018899213306177,0.10121312291614737,1.1736056557611974,0.06435569896761228,-0.09749229645679205,-1.6062564734240827,-0.5203457321724085,-0.27323779672741,-0.580342090069836
0.912486175780421,0.14019475367611928,-0.011870635988336264,0.2005367475091856,0.6299568042143996,-0.09134800668766957,-0.8805078293541038,-0.771324376176765,-0.8901553823643364,0.8534107472910377
0.6834727549937215,0.04396692533149282,0.8106174768365773,1.115826908221273,0.8503627849000428,-0.24782778842753656,-0.3890431806378548,-1.4574280716074703,-1.3231379553633127,0.582208296336542
-0.43099251930508137,0.5113313803804826,0.9713694718718956,0.48687295676268594,0.9274171779800338,-0.041805629961138506,-0.32921068417398364,-1.6962760330483453,-1.3716822422653985,-0.562939837567435
0.600717076798435,0.428935166671774,0.6362865788254402,1.6966860569497912,0.805571455134716,-0.41325332341095994,-0.2040008030918506,-0.746583467416543,-0.44519177265692567,0.5360401382123849
0.36505542144874187,-0.2952388900221957,2.001116034535651,0.5780724287473644,0.33620017168263944,-0.04438807737555008,-0.6054337126155933,-0.298555015339918,-0.6907944014766454,0.23725147647240125
-0.09672804773990437,0.9416050911866811,0.8001631743731091,1.2382705236266691,1.4243434015928353,-0.519684188475991,-0.1443933716240725,-0.753208182230386,-1.4567336605550065,-0.12033262642741117
0.2863140114046255,0.5026273876876194,0.776432552895436,1.3043909104314277,-0.1352797055761341,0.08717080122521031,-0.26094204111378627,-0.991179672349296,-0.6843265540357182,0.27301930625325316
0.19754624340812393,0.5327209499836102,0.768237522661822,0.4090055427223367,-0.1048706738495595,-0.25345800221146386,-1.2863780707157835,-0.9835169823875516,-1.5464364076013613,0.21264498396223164
0.39465204054027975,0.78363672740677,1.433559536966654,0.7731739154761794,0.5760472337491097,1.1702686413500805,0.24560655089486372,-1.1739214855202673,-1.6771199943379111,0.3761190111749876
-0.1339699830208044,0.25807093047125584,0.8939728862078901,1.9819062482017957,0.6150712843899252,-0.12610938998050383,-1.1227167076154323,-0.7718474620515146,-0.6631664125059471,-0.19562395372312974
0.3643278203860312,-0.2445758466842849,1.0278157720766357,1.486248425562009,0.482072843421126,0.15563404836487627,-1.5736845393858228,-1.074477114738479,-0.4811239973865456,0.28910165081095723
0.6650100293666046,0.3919046003950719,-0.747660760792667,0.9283908963437251,-0.07733092413047404,1.2360304266062665,-1.8553379975793391,-0.7477897570337908,-1.6700353386937739,0.5651148244709979
-0.050413937113853814,0.32494999139275127,1.840473046144516,0.5673609424910737,0.6041820875046621,-0.5208458357263076,0.0032678165526849323,-1.433487475169679,-0.172242754215992,-0.17835548177640528
0.38352493697525786,0.2668474758034545,0.9745616474081903,0.6423039720082231,1.104170061345,-0.10431190235497712,-0.6371207822669075,-0.9218233969289167,-1.0113729364735047,0.298913251286522
0.3840413131397008,-0.20232812699090008,0.901236626064536,1.5457310144266811,0.14924840227982322,-0.37628446743898913,0.0864434964523938,-1.2306977164841197,-0.9109043805534426,0.2615244346640031
0.22104853673033972,0.6007749095457257,0.4407830933189696,0.7142171861772386,0.6732872679994233,-0.10261910850253259,-0.8422112819329941,-0.8915468596771303,-1.1089260276886257,0.13228216634477516
-0.9196079755340061,0.8806318492656096,0.6005285890011403,0.6526934959575639,0.5336967242259767,-0.24433691265012114,-0.15232787385261337,-0.8728504393995061,-0.40752866985999636,-1.0141404660138267
-0.24980984607907286,0.46432430637030697,1.0708270114466594,0.39251136746109894,0.11846716474216995,-0.31417369466902023,-1.0322248753589007,-0.47547878545376926,-0.4170837270763722,-0.4169004858620529
0.6559312826655687,0.19652313103650937,1.4871230905539388,0.7926372924832885,1.0376961964968536,0.10783616718605196,-0.4387474358149362,-0.613862865873269,-1.5152202680784201,0.6058928059381131
0.9733239218057648,-0.038151045373608805,1.570853038190966,1.917921314212357,1.1362440923226087,0.46461869643916354,-0.6630762133421314,-1.0145334537061472,-0.5555847882700446,0.9061827686686409
0.14954070505492492,0.2077640590509402,0.05530458955644635,0.506694306553879,-0.13725543380537963,-0.6576496064394337,-1.691618239803423,-1.2010092916424095,-1.0501927364299513,0.1261637704271547
-0.2536538732634185,0.4355332954511718,-0.17776279177300502,1.119165428827639,0.5785903538565003,-0.5103517582659315,-1.3907527657633167,-0.7574463022607609,-0.3469654920526718,-0.25975201193103314
0.9678799834306959,1.6459093361330128,0.08108868377946399,0.858967697379101,0.2790956191864396,-0.24523878930453782,-0.05252342935228882,-0.9286845176256691,-0.7457724247710494,0.9238245785493795
0.3804170895110199,1.0735266966282506,1.5851999504087502,0.9025096753305735,0.3272199896526931,0.6219427152741923,-0.8516965371134271,-1.9214224022468607,-1.4393748348793396,0.2597076674141128
-0.6584471284027721,1.3048780452464392,1.572439578233086,0.8616715473837293,0.1894265566105398,-0.19979823243919068,-0.025672482883972836,-1.2447685229706693,-0.33055040025198934,-0.7424560978057627
0.5878010898866317,1.0335927680330137,1.7574191431919415,0.8329167115673409,1.1452666901140893,-0.2803474288549532,-0.611700724621925,-2.3569873017132337,-1.1422003965103686,0.5332161526936102
0.0011946190756742133,0.3793183422265438,0.691296876406766,1.544289864186208,-0.5350441226539403,0.023247710771202988,-0.5631950898590686,0.0806928317687442,-1.175670989112494,-0.10026273494982728
0.1399141778793082,0.04840866778501607,0.8766782091848926,0.42850574785976014,0.75355440106662,-0.8035732503384602,-0.5489838263461402,-1.5168228620322686,-1.224858169884822,0.068370431126745
-0.588356239173808,0.8375870057049398,1.0446591270358419,0.9548439276542082,-0.05401966829631588,-0.44242996354485886,-0.41609179206950636,-0.9451744781499792,-0.43232298797392565,-0.6222426689066688
-0.09306226240543494,0.3578446963256622,1.0360121375355271,1.1337536730414322,0.5569455022068514,-0.7834592656440137,-0.7121258280670654,-1.658437203673822,-1.2254824627516807,-0.08864350190003494
0.32466400175212445,0.17150376338896273,0.14301924908799502,1.5525856648968168,0.14426573879967186,0.06898653936437686,-0.785940318323117,-0.6688335429841211,-0.28913433727928206,0.3178077215059875
0.04489918375211615,0.9476521732904805,1.1965124534752984,1.4674532053884977,1.5276836570821655,-0.6433986450377843,-0.5155652400464749,-1.0635065171948623,-0.6313441646756275,0.04952719004970333
-0.706503708449736,-0.017211005261582257,0.8690546075843393,1.0757449794777079,0.16577924405231942,0.3077032043088495,-0.8268793549020513,-0.9370104554349765,-0.817563178623331,-0.8243415254710221
0.6857602712771536,0.11149976877401574,1.173854047601308,0.16761117146399018,1.4094536835488718,0.4279531086006586,-0.5418966438648654,-1.2670318177627855,-0.9061355104551704,0.6561344403899934
0.20038856564110794,0.5086187024030394,0.25449609897861014,0.9256314769563426,-0.06374004488712981,0.4288683170410318,-0.8485799383404047,-1.0420691180716681,-1.2030420274677742,0.21219857308879944
0.5236183271275106,0.14715271304408706,1.158618488942384,1.0090178325696921,0.7235643722484608,-0.39458647247121015,0.1283917281985092,0.03151676764878386,-1.6115745103749202,0.4732464367640605
-0.25464685603982873,0.10244566909574748,-0.10172216893496644,0.3334634335409514,0.16374217416925263,-1.3329416976294393,0.0082119470226375,-0.3992494408316437,-0.7423067403424579,-0.3364181818493312
-0.6321499401555266,0.7891681056034099,1.979931028295061,0.7956769111940467,-0.5966475145111158,0.6801248692576686,-0.2523840068756152,-0.5163064964593216,-0.468678777460473,-0.7170742249342285
-0.5932181487861052,1.1592652329052213,1.0427962765076944,0.749965145676385,0.9871085578890739,-1.1068048315115984,-0.6100292899832592,-1.1435840220365634,-0.7554623012172392,-0.6799086868193399
0.3422058096836779,0.7982107531766209,1.375059927116375,0.6217940497114939,0.41662247450518014,0.21153037811580896,-0.12250768000809281,-1.8878953026129264,-1.3999563045078653,0.17048132679206002
1.0976176081098534,0.2961258969446414,1.7188816215238147,0.4971808982964271,0.08082829089642696,-0.07403007703417759,-0.49734215846428037,-1.6290857264861522,-1.130701664856507,1.0431004981160927
0.24902361398615655,0.2599284169866095,0.70959719838543,1.0053035663195373,-0.7833610384724846,0.14952092137678347,-0.9859731831288684,-1.3082320110826866,-0.9850937935225205,0.1954690787379914
0.3146292923674443,0.7936494982127984,0.8096494075979367,1.65101210742235,-0.07534265094333847,-0.25672514338654173,-0.12927012295082901,-1.0971370129301945,-1.1061450928546201,0.29418405739819303
-0.16584612593546963,0.241676644086544,1.501133220987167,0.8789328622827107,0.9581022250316243,0.06641142636931378,-0.6840260071163333,-0.4387284085847448,0.07452845747364334,-0.2800314387864959
-0.6547977457248838,0.5231412070508444,1.1418902421241701,1.0059030000679237,0.9624309321506365,0.0349637419001007,-0.9008538113211361,-1.1564821285018876,-1.0453379530137328,-0.7101021621832502
0.45572085029851017,0.825780010738542,0.8427835265320126,1.2097368729171618,0.7735140379317623,0.17596511432808512,-1.0072568674944589,-1.6800642675981425,-0.6716465139660076,0.4442806594769179
1.3891683626209343,0.26868669209839513,1.7878005341334542,0.44175823880418474,-0.18550576153962306,-0.1494230960547012,-0.7595756011822716,-0.2881860696247748,-1.074590730465346,1.286025270842013
0.6869496347294332,0.9437130564366694,1.0072790695466314,1.1216429662944591,1.1959092099349748,-0.6892063630788688,-1.7047187545410387,-0.8173878259913916,-0.5276144179221558,0.6531367258432805
0.3195454262518683,-0.14198459150391363,0.7336522028894094,0.9059614313354695,0.151318483552892,-0.10073942113277148,-1.050647002671398,-1.2648780434023048,-0.5644121220269304,0.32707726168527956
-0.5641047738148693,1.3272316695192659,0.41572660983350396,1.2333319388557318,1.1240517183588161,0.28567409328535504,-0.14974688573068184,-0.9193969036667548,-0.9937675076285668,-0.6774776423752045
-0.05634840585784258,0.3420596472601193,1.3143274720269558,0.5503006096234673,0.8561458367459758,-0.7510592981409998,-0.60423027065466,-0.023996517528320216,-1.6864135696121418,-0.06901068596955176
0.08566746574034181,-0.41593744693721413,0.051249968185407835,0.8391045207137964,0.8091599211669762,-0.23219282899128282,-0.8303049661444338,-0.6709749877705722,-0.6722408247892995,-0.005404748946344531
-0.8047254767131573,0.6957697184450572,1.0708550243303392,0.5303527300091142,0.8810804252920462,0.2734334728144434,-0.08930485059484294,-1.4291781215899926,0.14317087777237103,-0.9051941897201878
0.09549255735885225,0.722803354846395,1.2772738396540868,0.4215547780171335,0.39138584382851227,0.339219993002421,-0.58207290607235,-1.4891304700503127,-0.667913982169271,0.03925968320780267
-0.11423318369684765,1.0572969466049722,1.9442584115623314,0.7997701446066168,0.3248076582186855,0.028075688206189994,-0.8659823306986327,-0.08192310364604827,-0.8881100907330796,-0.20955943663417811
-0.07338045528397943,1.3908080543090189,1.4644147134846712,0.7976492722248746,0.8257707763558217,-0.3020535529381696,-0.33253655288767375,-0.6959644273081138,-0.03335372750139887,-0.18125527249054232
0.2489614174570721,0.32528352725953724,1.1877146724703356,0.18875118670259716,0.6533134172416959,0.5203043963159847,-1.149801493936285,-1.0324123284154734,-0.993682656350015,0.16056874210315042
0.06212458084275192,0.9017727381977712,0.9903095477141821,0.8805766155558604,-0.11401512617499976,0.343814288954119,-1.0566353449030021,0.07928410959382448,-1.0303379054564235,-0.018092015656647004
0.596459584339921,0.35261627987230804,0.30154335594713444,2.1050469832652388,0.5570855214251879,0.465983696960847,-0.339848906050151,0.004799298904405225,-0.46132763829869655,0.4670057790105514
0.22953980377933372,0.00555459758544008,1.0534996756003854,0.7898670925955698,0.7481238967318111,-0.5404603856344514,-0.8161733177063916,-0.9016027201554403,-1.0839817695777574,0.08143204456494194
0.43373688409491634,0.700928648832157,1.2472229684229652,1.4544247048025485,-1.0088288285153921,0.13704800308662227,0.271690786390266,-1.1467422406750143,-1.203251976098867,0.4024713031345731
0.03513338167057415,0.369321595960018,1.244812111799518,1.270119866270964,0.7895000388788656,0.3929825729519578,-0.7070933442419691,-2.096005708303117,-1.0166603276353805,-0.021461338949830877
-0.3977424630436559,0.6795328870884624,0.38093281177358784,1.5816301714725896,0.7800553290068222,0.6442703635022009,-0.9525813922562554,-0.0926859083953393,-1.4812755310955181,-0.43682478150652276
-0.21923972698596314,0.9798414840506039,1.436049817325761,0.31265763289896054,0.7491906285952445,-0.0051269870180582,-0.7910091174478259,-0.6606746245912236,-1.1126682006956332,-0.36661325910458703
-0.12470998048031873,0.934808347270669,1.0956310106267462,1.6447782532204274,0.9790636669509308,0.32684005947585154,0.3928638011244474,-0.42533111954927383,-0.45258228362595687,-0.22209217057166988
-0.16462972515995997,0.7507248933894868,0.23972584561425836,0.5341678836161041,0.7642334049158525,0.3310455169509539,-0.40256734677705414,-0.8713078731210457,-1.5194743072757566,-0.226953690285479
-0.29487164578775044,1.2042677500507206,0.601991055100568,2.215089404611474,1.536891389466121,-0.6868804609772161,-0.611880274434425,-0.49766652613375023,-0.4270477372495386,-0.280217395986057
-0.0534098158313864,1.7153257620325033,0.5843980883809339,0.6936191948372996,1.7292987981524042,0.5140143609588985,-0.8940833901404382,-1.503784902321359,-0.9342563482739897,-0.14641614905413777
-0.286145111684867,-0.0664944005039787,1.3072947780676305,0.8656766276838346,0.5531033202646005,-0.3436016967570364,-0.5547342152139139,-0.8321676533391038,-0.7526426245300253,-0.337593916532438
-0.14531906889069784,1.2841410903899528,1.672150857304243,0.5451468376766878,-0.37891545076607647,0.5942389037373795,0.9259113011113903,-0.8767767958722033,-1.0234676003607281,-0.25478669351958916
0.6898024948594464,0.5882766171670626,1.043985477676519,0.606575739814535,0.8471017319886595,-0.9892963583149132,0.08825427131575858,-1.4228080728109986,-0.48568602108046893,0.6337224294885514
-1.2989219759137005,1.1018563210933454,1.8384039103818153,0.9652185907153478,0.6843763658791252,0.07299988717636072,-0.8584065053557836,-1.078141395484637,-0.31177420510129505,-1.373612310295513
-0.14194822407905586,0.6925194700966902,0.6363342560580076,1.1065195155884857,0.4686625634278024,-0.07789597061513473,0.14080887307402,-1.0716211920715542,-0.39389833561448007,-0.14048483075945836
-0.38581527341996313,1.3036707530941305,-0.3594345970127676,0.6149972000210169,0.6759627623572769,0.3733162842579509,0.1373775250375152,-0.8409152911226072,-1.0009632666325312,-0.36666619311605797
0.09351949244945067,0.8142848458504568,1.1316449810156108,0.6907804007347065,0.7453645994330043,-0.2259522818763526,-1.062427897083067,-1.3263720309163467,-0.9384882138320829,-0.004920350270176871
0.4017313613955005,1.3223371295620643,0.8679831979101768,1.0890943811511373,0.23550748612754574,-0.4934333788578341,-0.40472196082533657,-0.7717302705138323,-0.687394933724516,0.40694297583079064
0.2806426560114311,1.3596485937853724,1.0808093568526158,0.7040030405892265,0.19226828619998293,0.3965584821224216,-0.5411608428512976,-1.506665803807546,-0.9107144584414811,0.20955485911071764
0.16383625846817385,0.21152242120568737,0.8775301966769216,-0.6062992688346507,-0.154699819947263,1.1391028362160514,-0.900039734711825,-1.6906294263119959,-0.95619674758118,0.1255489192122935
-1.008931459989432,0.008780986277719727,0.42393849792708327,1.6403634234056317,0.4134001189408152,-0.45200883503201295,0.2681346001392704,-0.10849074105100875,-0.1234119487539681,-1.1210166486096285
-0.5842931451359407,0.47399203953765945,0.5501145810165565,0.22690889105233958,0.7998588059823112,0.2319063266927825,-1.1479461209034985,-0.8029565371143365,-0.3224543237686177,-0.6573415460462305
0.05464895859570617,0.3462772181304058,0.4109665394824197,1.297252624000542,0.7858381006318542,0.6400248909539377,-0.02196781087575006,-0.7852955148369365,-0.5336190137674792,0.06888116087875976
-0.10878746477589726,0.1922512613831352,1.4900279141161161,1.799719685256421,1.3609676694869162,0.3254964828897144,-0.6878263184806026,-0.9919897308033924,-1.4564411979880079,-0.14567291273190794
-0.29899318225084304,0.6121984419441089,0.3349467958269282,1.3231111379308194,0.1793325268581295,0.01791693145685347,-1.3009324275573895,-0.6916549362524405,-0.19398637912037464,-0.31161974834629624
0.2691810626700364,1.004802091837769,0.48423646495835965,1.7499327265093927,1.1113574632936376,-0.7574416704137371,-0.7775085462390932,-0.9036545312397739,-0.2525619156495147,0.20240159100170946
0.3286856477738386,1.0416921569570878,0.08790344875903788,0.4051205737071576,0.5335680848004013,-1.0821269222476966,-0.7238773435731838,-0.007764980900747065,-1.4081616195786786,0.24867759088619174
-0.23275675762040093,0.14230089197091067,0.718148662237622,1.2393940906589982,0.3478756490095848,0.24787607425914124,0.08184802773355837,-0.3168800027792166,-1.7900685453807714,-0.1852400277426669
0.3370688809691395,0.4707902429152504,1.7493642296857197,0.12032997420210312,0.4923895438260701,-0.2943294661664447,-0.5205473411010322,-1.4672268733614042,-0.9271863840223293,0.29325416567337287
0.286683311179767,1.0704953333681577,1.1591648841693305,0.6623873051945963,1.167752871401218,-0.41461601761114264,-0.45982248259060976,-1.5458989164587684,-0.7020751258843254,0.24422934943309024
0.28609589344776165,0.27164790422321317,0.5617936197055562,1.1854726464997796,0.873429140383176,-0.44135851076599186,-0.47437023310298265,-0.5373643150347098,-1.2581273244823021,0.22758066353140832
-0.2918579254293624,0.45510076694861135,0.44092075996622393,1.1255273461351771,1.321487661537586,0.28039041069165754,-0.1694859333585913,-0.9744434728586913,-0.7295345728773097,-0.3374916572446147
-0.5517185620875479,1.2829220630856224,0.8581558087138204,0.7413959924669248,0.45152057896417275,-0.22908286810885212,-0.6496645032142617,-1.0116875345484453,-0.5316470154998753,-0.6312256676111299
0.7961981096211734,0.810243617488086,1.156677343585539,0.3679726796162507,0.4557465873875066,-0.8338413710139003,-0.6245115399512139,-1.2294941870734812,-1.2210482037581385,0.6996627539962592
-0.24767967519610948,0.6399682560345751,1.4422025811241421,0.3128605186115715,1.5485965822724446,0.45531924299106064,-1.1532484627786954,-0.42839181659607384,-1.8191649778351104,-0.30710834778713286
0.8930753032331342,0.6824229878955548,1.0055682525756788,1.627147636661078,0.2997294758414077,0.1941243636665193,-0.938265435321705,-0.9238325405824773,-0.624035888271677,0.8920528891000162
-0.6887397264026933,0.6562366486252876,0.9966100938522252,1.3116115640330754,-0.37982982278478883,0.9769737606282782,-0.11763984727420301,-0.32892539458935577,-0.5588482678584157,-0.7158611539620954
0.1617001012074594,0.3005161848986894,1.0822051978398242,1.4409306744450028,0.6100095951292779,0.11281199737459899,-0.7375721993291305,-0.6136048482903966,-1.1245033702850935,0.11826884483230765
-0.6404128747319088,1.2134507656531377,0.9640291748310106,0.634258406212624,0.8836981312691268,0.645609248572545,-0.3784965303233119,-1.2460288285339265,-1.1524430992503008,-0.7165611066608306
-0.4798927569542594,0.9782739056802494,0.5471078780577319,0.37805065922269177,0.5014665617550371,-0.9804680459597022,-1.138212940835538,-1.0287276390257165,-1.5332416931628217,-0.5666677335667186
-0.24329813462354574,0.8734565183755012,1.6209023519125463,1.280718980033664,1.330774843663003,-0.2633665251691694,-0.610068877018153,-0.7213627692282261,-1.849420725030473,-0.3753636851201776
-0.09165216022935006,0.723223155533578,0.9582905185162506,0.8929154960272444,-0.2325784080929435,-0.2346086024683713,-0.2988317780191651,-0.28458506319860677,-1.3621966874417033,-0.15637569330501078
-0.7207567367747336,1.6614792609921736,0.6677455768857891,0.6942514854525358,0.9265931423470724,-0.0893847972829365,-1.229775509861656,-0.5288615306609534,-1.0106787553602976,-0.8167627728347323
-0.04891723911298412,0.02049442056133477,1.3641490916458836,1.2238994886268997,0.5055501793733902,-0.1720828257037266,-0.7278325865056963,-1.0431404047341555,-0.993139691055829,-0.17716688307526116
-0.5393729968026854,0.8322202235482372,0.3965453397115055,0.6514802114137829,0.19172367141271085,0.05929834860441667,-0.9460336038057771,-0.6996194729479341,-0.2759230368594754,-0.5779697523570873
1.2418600692135755,0.8004883851004599,1.5421926175283067,0.5068826815601987,1.427057946479106,-0.4416243811642715,-1.6627090524759853,-0.26703409618678386,-0.5519052922856347,1.2003962513568724
-0.23046923247353357,0.15743497493762687,1.3669796660999043,0.7732007904459219,0.7051003077827394,-0.707038184792326,-0.8067680149363797,-0.6258612495619551,-0.7578035076904233,-0.241598552023657
0.2694497896357916,0.37060296121788305,-0.029418553306018946,1.3077013704761833,1.663710710408969,0.6169151044073401,-1.003482473029258,-1.1772416041039278,-1.2593979629239553,0.2402323158575542
-0.04946919913311996,0.7037546778673726,0.5887938258819135,1.381823563118238,0.5931323773554753,0.37289342001604514,-0.6418954125584989,-0.18168647133281113,-1.2479013308268403,-0.06451496930198758
0.14286437256665113,0.8199553098289311,0.7522236679263198,1.212005826813305,0.9452732404346322,0.15252775399050084,0.24922293916825156,-1.5473614040932517,-1.4397264713935307,0.09193798764726827
1.0472537909085489,0.7004499601570041,1.1715211775865446,1.431533392975751,0.3155977217658587,-0.2254126828601651,0.3092404575056944,-0.6520471895989498,-0.4535173689922617,1.0699684902427808
0.9948246222090944,0.2810953436175151,1.7101351240856952,0.8697177102337705,0.7742018083091533,-0.3419031609793047,0.24223644302911285,-1.9175801702596127,-1.4401400843615797,0.9908424382995328
0.010426125566707,1.079103854097818,1.822691916004469,0.5237658947386519,0.5006733102361105,0.13675263287451261,-0.8721875844131346,-1.5863962743910625,-1.1977588543733395,0.005974184352064471
-0.3703710164218228,-0.5620684479391351,0.056011157425199465,1.1979831782077517,0.6099867286258165,-0.5443083926126483,-0.936515629235892,-1.9027111736188722,-0.796354667825887,-0.4621274673034415
-0.14038684196733925,0.7232739542437819,1.0900170824800122,1.522646982654297,0.3087848145086431,0.26354700699853023,-1.3493776234891102,-1.9928252467777923,-1.9307426975043667,-0.18818886631635662
-0.26213015309613164,0.04516623864722569,2.0358742669517436,0.49290378741884683,0.8314238665509067,0.3607193089032923,-0.7088653183467994,-0.7669592514005843,-1.2659639141921948,-0.35596994845895275
-0.2363425187234171,0.9133842974494812,1.9376775650048876,0.9305225036349849,1.193041299664578,-0.44626962009173893,-0.4205788792100359,-1.026260909451327,-0.579713337171671,-0.3403963298212345
-0.7654738132458713,0.6987326457445301,0.19630387521190285,0.8938416890258555,0.6718158416487132,-0.028184268587723535,-0.5425280078695134,-0.8631837022199662,-1.3517128331305257,-0.8439764903732716
0.041630963073138565,0.8983317548696508,0.6600280930534379,1.3787561650609126,0.8616824141747985,-0.25562586210999394,-1.2825659027685952,-0.8682805270018132,-0.5927427501791787,0.04031149497086576
0.33570084066468375,-0.568171518206487,2.0872874591606956,1.630837934060306,0.09821580637801236,-0.3507459542221695,-0.5691655157895034,-1.733805591937073,-0.5475588931755879,0.23570738768418387
1.2355402182275002,1.319984052026856,0.8498991207383623,1.3560042245407908,0.813882028424205,0.3658972505962194,-0.728620839720047,-1.7927931609750176,-0.706083521476407,1.1906728784671492
0.2319337556095735,0.39466116565566434,1.3392241797304612,1.087438299450333,0.9498669783025595,-1.0472262640945247,-0.6956172721900589,-0.8136977555521067,-0.46666985179086473,0.11711581727706905
-0.27220310601114983,0.26301611260188074,0.9781363667918428,2.0906208768929617,0.6073453492328144,0.19138448117817744,-1.1248222682923674,-0.6233884870428201,-0.19791618497789176,-0.2994192943848458
-0.19017579939166998,0.7779029994810349,1.8699065137172872,0.753757756496911,0.06900126125160178,0.28956120492666676,-0.7640761652983787,-0.10849530371569571,-0.7836396103122636,-0.24079429648858042
0.5481102799899445,0.6858457891610648,-0.10068611894943424,0.9392809549364916,-1.1914017317504872,-0.190196154127025,-0.9213207396519938,-1.0470707671247217,-0.7736624262584735,0.5675245108697052
0.5534131246996896,0.8793659747779993,1.6485754440953333,1.4827285840862239,1.1245247683743975,-0.22277758151181673,-0.41415066480029084,-1.3870861742837723,-1.0767386981391152,0.5067546667362857
0.25852022381990203,0.09946455962840567,0.5874325461177714,1.246677291395558,0.06818999349713095,0.1036222179624103,-1.2761085953764228,0.09064275965130297,-0.7766775057346387,0.2331122670744717
0.6421266499609185,0.1337229987893282,1.0208884641984222,0.6596291970953561,0.38812944306254604,0.4002358924280858,-0.8379788545497457,-0.7351275957150507,-1.1306800619679505,0.6283582618467493
0.0747749993463209,-0.10394944776205184,0.4970159206578776,0.757466643175363,0.19429197549744792,0.1718656702151249,-1.4371656421439583,-0.6945779100970804,-1.3525967730630888,0.06838493662321084
-0.4139882496168643,-0.330482334533564,0.8027700746754086,0.6752256650453603,0.7722846128082397,0.28674221698464125,0.1804454342763384,-1.1194945052009146,-1.8006726492655747,-0.5405730145139929
-0.24109439042787698,0.46146962035385236,1.5001554435586615,0.46149818963645817,0.7614047331895435,-0.2852669328837795,-0.648179182927459,-0.3869356360852978,-1.0423975517159532,-0.29488571482535975
0.37863055340566815,0.11693150253352891,0.5985075210939015,0.7537772491717275,0.6666272602439796,-0.5729930718006992,-1.112414236747019,-0.7219949999719901,-0.8966200595793685,0.3087871794317237
-0.5836345402651865,0.6613884767068473,0.9943330463890325,0.8724131359498689,1.2732067941170446,-0.7110451880903188,-0.8255082602007136,-0.5067831924197466,-0.7572706356418997,-0.6553300054885943
-0.36790511517479907,0.8070337793217466,0.579885627711936,0.4488218000858888,1.1965930229526478,-0.35441773383322955,-0.5701119683698845,-1.4437449418262516,-0.2787289495312233,-0.45904937193111456
0.14418524121030088,1.1167419706026656,1.2449343657521066,0.39566883344969983,0.1599721213270664,-0.668388217965145,0.5409605073395202,-0.63272912765593,-2.2919524039629096,0.1017659677578853
0.14615892849954093,1.0799683086613758,0.9744658848470628,0.9071225273206543,-0.11474174436461515,-0.3180518528831022,-0.04171730282206543,-0.7396470955487051,-1.0457874372591907,-0.034748019427002924
0.4747603137976578,0.9566063471522629,0.7202377580636243,1.2062430523566245,0.7442352646634806,-0.6704310054438393,-0.1595945938686152,-1.1686444839921009,-1.1291562533158648,0.43519328962864634
-0.1895812240796093,0.5059739108292828,1.265786278260511,1.3185287408748283,0.17574698590666415,-0.1485578462698784,-0.7011941507405848,-1.0908352910334342,-0.8704728586470338,-0.18705857924935793
1.0089548307516862,0.41156187428191876,1.742067791861746,1.6147717288324783,0.48185424251595976,0.034035281700922265,-0.7475049151811207,-1.2414612252970703,-0.29965110914033555,0.9478494066219696
0.7975428320855938,0.5531335102812271,1.678307241325237,1.6258801803248069,0.4313843585167236,-0.6176289968277268,-0.5081824079674934,-0.9798577133804497,-1.5648586020032453,0.7073752708449251
-0.41950102127066324,0.02544001278234642,0.7894523121599383,1.1659142691012772,0.17408310319325943,0.5253752337771451,-1.2455826401176517,-0.9555055074705274,-0.4877058696265778,-0.4973553582364887
-0.21436509553779745,-0.12282984934864138,1.3105630700820896,1.275178178900033,1.4867016175131984,0.8557737492029003,-1.2574477123128518,-0.8220888827164359,-1.2374236148317297,-0.243708012880417
-0.4091777561015134,2.0466909233136685,1.0541595619340223,0.4269505523284076,1.7500848117719023,0.7337650323779731,-0.5190727301477658,-0.7466419595188135,-0.9169559843146425,-0.5302185501724905
0.40340688365539146,1.0047261555324092,0.9299576544637821,0.8031001057165734,0.11439919092476963,-0.30275818028824664,-0.15765459589416714,-0.9164917565685402,-1.5579381415239137,0.30215988582903325
-0.5728472306536544,-0.14021320612359,0.6383657459112063,1.1030659717878157,0.6119246584758095,-0.5459721421017782,-1.2395918087775082,-0.9204519447821976,-0.7341457309331739,-0.6785628332365359
0.5316342400745054,0.09029135612492711,0.9930219633068106,1.3511455161952501,0.6406850821441646,0.14306843068667568,-1.4594669380394025,-1.8881816413341816,-0.8583510798481728,0.49327080031885506
-0.08486014227947611,0.3843435221075348,0.4077428153268132,1.5165109302667845,0.4840962463985251,0.26493937090566555,-0.41554166964260353,-1.3436051279204015,-0.33480286459039943,-0.1090184682187034
-0.1915864933574791,0.8841614826526449,0.7024379441322604,1.4440352947024995,0.6752655508997409,0.5848684139805905,-1.6309895739192046,-1.803240879911581,-1.3097118535470786,-0.22037440767874922
0.13046546221903754,1.1852285299841563,0.9138695102453952,1.545614446299652,0.16356560560053612,0.2888313449338829,-0.9936839978368851,-1.0786781894868143,-0.8410040232198928,-0.04161536627415083
-0.8028897233109908,1.145032670829421,1.4052289967456324,0.8120435004845752,0.14121766230082433,0.5757749668283358,-0.003689432889080524,-0.6327472211529196,-1.7363115705487635,-0.7693429499099648
-0.5043366740947077,0.5033866198462794,1.0315213319213317,0.21188736205611436,0.8007704817104084,-0.6707477229826785,-0.2909103795318534,-0.40344044977346616,-1.164582291366234,-0.5725975718874611
-0.31346018330679076,0.23142155983216633,0.3292193640926012,1.5544143097588639,1.2922367241768118,0.9597607270260394,-0.5963539786318655,-0.7887622504351733,-0.95531324259958,-0.41566981409658976
-0.6406986546411632,-0.03610346577295864,1.0992688363793834,0.7172441219606027,0.3906681919592335,-0.3862064928655214,-1.140319859736311,-1.012425287406,-0.8426991910937273,-0.6839090010154688
0.3127817966329838,0.6794275715462785,0.49339961805701876,0.20292444248610142,0.8793350035151187,0.5802162949434391,-0.7275427917375308,-1.7462865940605987,-0.5970055674913883,0.2816486094257036
0.651715585281644,0.9987465469231843,1.0626334084599223,1.2696068460004084,0.3580392153391059,-0.33980456228153644,-0.996687753108074,-0.6164449415921223,0.3083395432477136,0.6541888566707268
-0.37586169323223423,0.7648314887205331,0.4842592548326945,0.43853847689260583,0.5569184417697929,-0.41787922162588337,-1.0143095193021523,-1.1810249552534973,-0.8541704831462763,-0.3518486330404457
0.3852550399986851,0.5371688973741435,0.6165814432983905,0.5171351310764056,1.5013905597065467,-0.04425023901396484,-0.6563703414972648,-0.018079850224256733,-1.637345097494806,0.27149442348422237
-1.0047021862502306,0.30822780751042417,0.7690497735651087,0.7127122076467709,1.7705525041530978,-0.23781729633825685,-0.3880760139470764,-2.329042558232842,-0.6709614882133073,-1.0858213459890067
0.006495314611559986,0.149904658421379,0.23444016254540823,0.4242832994399841,0.22006364573329873,0.09400536382962915,-0.7516821891676744,-0.6337159379026162,-0.4963799366163058,-0.003216984655698792
-0.32638019787271516,0.4246431696115931,0.4711883683727901,0.6072945588145675,0.21727135855083357,-0.7310187443460044,-0.08443542556927686,-1.1575046000820546,-1.0339986645761026,-0.2974580206153708
-0.25683451133648516,0.28898378097261684,1.11100311537473,0.9375829454757627,0.672145376143579,0.18430093322747215,-0.14715696206813667,-0.107507804356333,-1.1043276190591047,-0.31648898150587035
-0.028120629340641117,0.9276440161105617,0.6866137200573355,0.9800297939264475,0.4346550710056053,-0.3694634147100525,-0.4019890240237848,-0.7608722110690745,-0.5771715233117767,-0.09855650305447489
-0.3560905156144739,0.4451428550042498,0.5263086256613971,0.9301267073064938,2.1848246837962524,0.5095251289875222,-0.8243645801655075,-0.431516948131315,-0.2018617746115936,-0.46460621620447357
-1.1044284147463712,0.3457259397492597,0.34121236254568255,0.8449963828433225,0.5815196499532601,0.5173534499453332,-0.4727364708353968,-0.9293008749793052,-0.711172461176826,-1.1681945574391934
-0.6944825799216702,0.8514013287320537,1.6609298135016939,0.5262222079480677,0.3678262181583106,1.0672274640456325,-1.3990682163525716,-1.0147174337803513,-1.6323697249210793,-0.7138913068458649
0.8923805589458575,0.19163316550444015,1.2182869162869916,1.0421271527023113,-0.309959949039846,0.5550386870999963,-0.9291541856800004,-1.9891256463050744,-1.4799284844960838,0.866440935051947
-0.236795530251702,0.6646570801169521,1.251356550934081,1.2432568967099162,0.010338009182115693,1.3313372437313251,-0.8007351740733012,-0.6592313277465176,-0.7294402064988667,-0.27065774876085896
-0.15990339707894782,1.6798434127935655,0.5966025213504424,1.339432723202007,-0.17060137918874974,0.7169161537340547,-0.12224100909033653,-0.3369335719537093,-1.0528351471295911,-0.22952829520751505
0.7217616524071422,0.24536249374284957,1.4866449560237036,2.126938600613432,0.5656522697035338,-0.26039167274924735,-0.002222758183982765,-1.0335750095372351,-0.5084636103127728,0.7237377050717807
-0.8065286120629104,0.9726739170465892,0.9444104573780405,0.8739090565116372,0.8176469134451281,0.26105119396331355,-0.976104677402677,-0.7532014496059247,-1.3786581670419789,-0.9045885884928685
-0.012723460722742034,0.06422956823454018,1.464958669614735,1.2817659415756768,-0.35652478611119676,0.4559859324506872,-0.7883640040073255,-0.6665589200468252,-1.271178541238454,-0.1367270359900823
-0.43466459436200305,0.791246487838028,1.2058692486985545,0.992191669112451,1.1764967529230135,-0.20113198310140906,-0.5742938857407451,-1.1314781946564256,-0.40780318211910893,-0.5267955580675578
0.6288608274340832,0.8705631999697954,1.644430473847302,0.11973267857946113,1.6206926594974358,-0.47611788378831293,-1.039162740263516,-0.8962641601009396,-1.7969291526958495,0.5331249977030248
-0.416102793692702,1.1986249082600833,0.8940329067435736,1.0014829868701298,0.702673688974404,0.5122880962725584,-0.6681330948533644,0.3684863348793822,-1.8231968492017472,-0.5311964011986862
0.032585703048188655,0.3554797439293067,0.22327704821914218,0.3085690218693,0.38725635017447013,0.06476326873490049,-0.4337088738223205,-0.4280055863297776,-1.4519525502876012,-0.0693678655567909
-0.34120267857153075,0.3878630814315799,0.5905467870742307,0.282976103594354,0.2757462341426676,-0.6552443050712309,-1.0854503216756248,-0.7615889235201172,-1.2269516400514366,-0.37008250744942545
-0.49864573761536696,1.0500786379979052,0.8126392545122858,0.7650425922859772,0.7200425538869999,0.26018523214590933,-0.734664602676328,-2.0157365732537986,-1.128791325947854,-0.45694188538058833
0.0036682292061465446,-0.05554125596901993,1.0463348999965199,0.7250775118586694,1.001483605404432,-0.06452368903466771,-0.41457318288893813,-1.801978756340508,-1.1822450831053655,-0.023341878409843704
-0.8882847351597959,0.5062574672823232,1.2048725318534244,0.7509823336266506,1.1996207846127636,-0.25676397516809185,-0.6622315098927577,-1.5114522299856803,-0.7790555736270226,-0.9776273589413699
-0.2011135539804996,0.5075503101442841,0.743622699964873,0.5034254777895908,1.244271360134448,0.6693755851149632,-1.4071247117824455,-1.2514605270882306,-1.2073304122499542,-0.23365187030098813
0.38440149978073396,-0.026426115144939644,0.0423989707980541,0.12902677044569155,0.9127964130741251,-1.0262896221553117,-0.8184847337903919,-1.2350452480462781,-0.9585167380351625,0.33155278421909523
-0.0761118321936994,0.18288085264816856,0.537487495947412,1.8801819730162777,0.5152405474413693,-0.3807450981026714,-0.13203207397666472,-1.6433209584776938,-0.5927400998261632,-0.16847936960068266
-0.16563156646892252,-0.36534485747279544,1.0264714552953724,1.4429243099878308,0.3640302103522116,-0.3769282067283346,-0.0512774385443433,-1.1857465119585244,-0.8078562093967658,-0.1795471815996156
0.3739445905536231,1.3482903868896607,0.584725704568144,1.7001409789700945,0.45797793329653724,-0.16051724270616416,-1.1916031350390408,-0.9415431991105347,-1.3347624069388022,0.3102982842658302
0.29934945004302466,0.8505527496539386,1.584197061984143,0.9430643102625798,0.24535589033245536,0.28716951492551784,-0.5015879279830586,-1.343325923456175,-0.13742483186306464,0.25292563788268757
0.5297547090351475,1.0862015677050327,1.1063645596755984,0.997407282984736,-0.6278300862816227,-0.2766250749737669,-0.27895927724123104,-1.0195501247424894,-0.2152681206300403,0.4184018588722038
-0.07155555037290577,0.2725524108362664,1.7241094629806244,0.76752531981901,0.02467815044445354,0.17261437931283335,-0.016748534060659348,-0.8676572163737584,-0.7960963543786546,-0.07065224188624038
0.4356887257425458,1.0192141923287994,0.9723043357352352,1.3036087831587304,0.9344734052589565,0.4985362276836028,-0.38255333877812975,-0.9482087338839534,-2.0325091453434085,0.4057444857643774
0.11469988168608183,0.7510652686054415,0.8993163611798808,0.8609202587117886,1.0709708506144013,0.5926821109749764,0.6111595449301509,-1.4399799123658938,-0.6552239615766574,-0.0050334510180660985
0.11697501310439552,0.9350217447360738,0.893514959864251,0.3711849533143954,0.31944695538925566,-0.011535266537610906,-0.6866539470003995,-0.934933306834107,-1.8740146198498837,0.013216880040974446
0.18287240060478213,0.3835520753109184,0.8582055435642792,0.23469995110739228,0.265059258836426,-0.3851140616020893,-0.180025454914585,-1.7324059314878495,-0.74810226850898,0.11295606560226171
0.39661725524969627,0.34477336483587107,0.4911766962716891,0.25314956327833593,-1.113688937144122,-0.1303199523575607,-0.12851025913568354,-0.7917918284150023,-0.8447056137650397,0.32436381721680785
-0.075131127299545,0.17248513651128528,1.5344371561713788,0.2662133154110534,0.4304344881131861,-0.25414322641645604,0.1484206000247128,-0.21262349697815508,-1.1493204573992248,-0.15150532073974637
-0.31957856248290295,0.8705220171295462,0.933692063867567,0.706725441329686,0.6133828774969533,-0.18953781837057257,0.18882780842503566,-0.38041437164081215,-0.14516461628680621,-0.30467508225593176
-0.541540884419176,1.0034713232015988,0.4260464318951347,1.6691697297074977,1.133779990399167,-0.7470786041323701,0.3016600787401895,-0.8696021091219944,-1.0271578180408034,-0.5855634331483982
0.882035791011792,0.11818681178858703,-0.6170228033525443,0.46537675297445613,0.18407649328413672,0.4958739018214623,-0.5198670689813839,-0.6794137979948163,-1.1548595923890184,0.7247947600668917
-0.43373981289017893,1.1776359995258407,1.1214796470663884,1.0805646294130309,0.4502733090204104,0.2792459138794392,-0.552577948533163,-1.3174169388108001,-0.0009018466423924565,-0.488435670394361
0.40316240636960265,1.014060103712472,1.1703394884422444,0.8377298858623503,1.4129768658948683,1.0389226524050352,-0.663527201629478,-1.597314011571311,-0.8022738113793202,0.2754558091346257
-0.3711117249112714,1.174256545110544,0.4034995260941202,0.25156471094312804,0.7398281020051704,0.5380978509081465,-0.5115743728110792,-0.2844371250870792,-0.5873964785934092,-0.3880627644524517
-1.0660860344272385,0.3288789138896449,1.1098181461885896,-0.24336662045791146,0.7313327223260574,-0.14687274123420163,-0.4595266343115917,-1.2910063539308523,-0.5302581429919746,-1.149906501986556
0.5495255872424187,1.0722885129935045,1.2957203881665866,0.9120530056680093,0.24165975609852147,-0.41530931178988456,-0.47842124951072584,-0.3329624826365086,-0.9576893422970119,0.45013546301390844
-0.8531139629118383,0.010167610087142509,2.2831007795819023,1.5886718280394112,-0.36725251519378255,0.13267780865981194,-0.7598442435755395,-0.873296311429205,-1.446731081968198,-0.9240655522268607
-0.5109758990768642,0.25738834097176594,0.8471103430908459,0.5147790348901196,0.6483798413179148,-0.35953381608628626,-1.015624677272853,-0.7568887236860288,-0.9289271285109699,-0.557414837659168
0.1385149025970133,1.0797101670319902,0.7857249201012687,-0.33019094555937745,0.3528745687302554,-0.10137781059370707,-0.4273152773810468,-0.6033163151629432,-1.4628709942010742,0.09350805239965002
-0.19662269864159299,0.670881868415098,0.719707415097678,1.0267641323011978,0.8081939294945336,0.14519780040000285,0.28683683603492316,-1.5388397467232657,-0.6990630968707146,-0.33497676897194884
-0.02802465215573538,1.013157919254963,0.291341177699016,1.8574148303090645,-0.19435342085767526,-0.29312907655479775,0.3255321213568477,-0.9881253977385085,-0.7846027373862956,-0.08965429024082275
0.4474836528860468,1.4330291060107307,1.0954940998363867,0.3358750530362331,0.5071504258477941,0.6400134887156401,-0.6922472637973458,-1.0726566442783496,0.18457691860414038,0.42906717060408206
0.3094782595718109,0.9886193190426158,0.9244783408915015,1.7595923122387647,0.7294781089559852,1.2309039276996054,-0.620225563133987,-0.8293863225722236,-0.6187214874885525,0.26575046763616705
0.35237176141769355,0.16953827334816857,0.4140722283810583,1.0956400176778467,1.141686458188441,0.3298999918247525,-0.6797610610560182,-0.8253786296112849,-0.48200109973287303,0.3221211756507447
0.25937743959636256,1.1966452021782934,1.4194365648176621,0.5621526877911003,1.4837139288964245,-0.02622970105815588,-1.332198645628297,-1.5298661332109935,-0.3120605869209634,0.21498321114036886
-0.551837416632585,0.6585783987430501,0.9557181410958001,0.7516482599208637,0.1296421061330877,-0.44284035731664134,-0.33087961312209263,-1.0082073594252645,-1.0683633225234568,-0.631800070457669
-0.44478867027459845,0.15887353506871138,1.5710400460516665,0.3853836116840621,0.7583282032372173,-0.3051256514705141,-0.2378115606509243,-0.41945853932598876,-0.42877142428438486,-0.49264882473019483
0.9067091860492797,0.9641453177028145,0.3781324888369162,1.5621298668849097,0.673636566286203,0.4474398737356212,-0.6657583640078241,-1.3115493383277683,-1.1173792050926437,0.9193961827448475
-1.0650967558985585,1.0059204960943073,0.5468432033431717,0.6001326468068033,0.4950860336477416,-0.5914603960212358,-0.8779983614179339,0.19249867626124495,-1.273595875930753,-1.1997956407428536
-0.3019992614541554,0.26354372653119457,1.4039047778024218,1.0767112757928305,0.29542890590498744,-0.8374838540291024,-0.673124734282428,-1.9979852150543458,-0.8270240059192836,-0.39832411927518435
-0.885883184518216,1.1416747211189273,0.545436108806343,1.0645249963279084,-0.16427050221855122,-0.9393600809839014,-0.6383109629446135,-1.2519158344475425,-0.7444092792510459,-0.9264795462005015
-0.18391084429830787,0.59842257318344,0.5930119256211217,1.4971712124026233,-0.13160925266191392,0.010706548263845492,-0.44375795938112783,-0.10759920981120119,-0.7459540524278072,-0.16753042189446077
0.7906661616148252,1.35648483517478,1.3723124451889632,0.6283974337465688,0.815447651328073,-0.33570808245056305,0.3108121619687624,-0.7845518791814022,-0.8405263176473231,0.661474957216212
-0.012115246972027524,0.2841228391569492,0.700141807668603,0.30467085798184823,0.48359530106421966,0.27339608612533317,-1.2560402490094909,-1.2773530550943117,-2.230592011912421,-0.05933103058906884
-0.28222202539265384,0.8959298834893201,1.080101923542152,0.3154547111011399,1.2023935691986116,-0.007186210450689886,-0.8718725553753207,-1.6887065520957223,-0.736042224834526,-0.20802114615716832
0.8944900626726794,0.48188324932035803,0.6316437430920042,0.7505420951207369,1.0187868730016483,0.5646716655871985,-0.8087731445282341,-0.4941130831593051,-0.9212491464349533,0.8415731827508496
0.3327010794343138,0.8145238146311227,0.8650876692192624,0.7151292927939829,0.6006470008567057,0.6057368600965253,-0.8674715318306091,-1.0228579157972808,-0.7481268233465594,0.30563299549139744
0.141091092742814,0.6748035674965689,2.0952272030896983,0.8861145075333414,0.9740836831922512,0.1757206272117628,-1.0805428256744731,-1.7436776785537385,-0.7999623488356389,0.1826275990581675
0.3628494620455204,1.1875532423839799,0.07644439738178932,1.3616500663919808,0.6599255369429803,-0.9322392467373406,-0.46362081570319624,-1.6611094501169603,-1.8430169036163515,0.38095276797912603
-0.07328080166099654,0.1304064433724188,1.108335451853422,0.6810831167538953,0.7287138325377711,0.26938163030696466,-1.3030937528270066,-0.9575956400048206,-1.034049651374831,-0.10165022033976057
-0.5156393431915524,-0.10595635773170775,0.6841361670528157,1.693952590867319,1.8963931472423425,0.1665594819964904,-0.07674578942230081,-1.0756863426363277,-1.3152848948903695,-0.5082668622390892
-0.8029092494540616,1.1998785229665825,0.9553619033555336,0.6040279622174991,0.3632825171605967,0.5435270903907684,-0.024911866455468057,-1.0562777681505355,-0.7476259520232713,-0.8900135924847481
-0.5399813041612747,1.6283790674993586,1.5746420778454095,1.2684679156292598,0.9762703113770402,0.27242906923079513,-1.6485377094413232,-1.0856025146519848,-1.074249014637546,-0.6388181634777521
-0.48954667541169494,0.6492555120756961,1.0295809371385234,0.5487326959927897,0.7060115892389373,0.44107675543810404,-0.5998457548322877,-0.5010187330358282,-0.5752503764246812,-0.7017682959209952
-0.26048787100077736,0.014777907536305812,1.0340489358256078,1.1355256786051058,0.8792558729790287,-0.8393778520648356,0.05211655244803726,-0.9334488082722476,-0.4359803699606918,-0.2522603145008151
-0.6063815613095399,1.2785042188633118,0.2347855504948514,1.4153850220490063,0.7719158420626118,-0.2309957728549666,0.13748060826987785,-1.7435353191822964,-1.1679446991996874,-0.6944612559432362
-0.20705118819724033,0.4743635892803022,0.5355603953770227,1.4984400547119803,0.03271061947401788,0.06314529012471554,-0.09096195144348224,-1.9635483860518796,-0.0827059389088064,-0.29048841641583234
-0.28952645663591053,1.525225871204324,0.6516472752830338,1.212765856575091,0.799984564064059,0.27283997917072195,-0.3184955742258319,-0.38184129345837203,-0.6683610673009728,-0.29144164525122795
0.3218221384514649,0.44336417489409674,0.5990343661987347,0.34469027565911536,0.3861963617338895,0.6812492222935975,-0.5006983216202008,-0.29848261557241684,-0.36685066403180167,0.27169564153649406
0.40007483606838007,0.3171540438247033,1.1571540748817712,-0.25173383863557675,0.13928312788681163,-0.31851299937216365,-0.7946990544981666,-0.8176633045981987,-1.257233523864212,0.35370954547346234
0.6544861208848419,0.536188007491868,1.4007603659803163,1.229535838647346,0.8341979666649629,-0.14120157361431235,-0.4848059188885747,-0.631432225082551,-1.9303504194600778,0.5682861535153454
0.38874065926734996,0.901548136926576,0.49761965791158075,1.3911863312485382,-0.5284388442276039,-0.379174011402038,-0.4911649909644338,-1.0233044456289033,-1.0434158848156083,0.36118761008446665
-0.11166466169671546,0.4298541193098164,1.7282251643172488,0.4223441127168348,0.4866584198334176,-0.31026371697244787,-0.04320475176232619,-0.44035292906454904,-0.6609133369396494,-0.13115201405163787
0.5969330223453302,1.082341822299517,0.9658067466530066,0.044607440733808734,0.1811504894595068,1.0874678830044702,-0.32318361792430544,-1.3391991509027041,-0.9055569366865057,0.47987765731015536
-0.019939876373001566,0.6442467467714468,1.0966613026457033,0.4781438311416257,0.435643429099541,0.6264240360695879,-0.11545783670292886,-1.2943214333478208,-1.2253871191284669,-0.08866349252883986
0.3647827600831642,-0.2111326174007926,1.2983973428388202,0.7409591099602658,1.0317822958467116,-0.6071625880831945,-0.798262042667361,0.39254605801138454,-1.184815334490151,0.34176471864284885
-0.23572074468980006,0.8278939609392234,0.5491095599433793,1.026203745237795,0.07671686398218103,-0.02847355866820647,-0.7415135691017986,-1.445626839402236,-2.397686866721146,-0.2643299121680763
-0.011659792816618154,1.1052429430496613,0.5857545090626837,1.2375122145431219,0.48337954752470846,-0.01660170331042957,-1.550735043979036,-0.8601322490861507,-0.3620896008781852,-0.13895738431176116
0.05797985691521553,1.5918222307878354,-0.2206190629106365,1.2199307327584794,1.0730428448554141,-0.4918815670763274,-1.2811106561456564,-1.009577599929017,-1.0317760267014509,0.021990202295796478
-0.3504469334323129,-0.04364891834683504,0.8082727971402579,1.2349957750031872,1.1584258869151394,-0.032377862799249923,-0.8317592695532061,0.005758220324530883,-0.4924398304732159,-0.5214890798904246
0.4341624264844173,0.6278136394338054,1.5897797887870602,1.691460624583945,1.1888682179250747,-0.021068711487097942,-0.37468052812277086,-1.4721948629012633,-0.6023094156655588,0.47029053018310235
-0.19073338207391172,0.045430989835672175,0.8524642607268459,1.688685115817332,0.5550525044087344,-1.0905409456431239,-0.5558526909182295,0.016298672697029004,-0.4035110404240243,-0.3604959426655009
-0.5959104904845471,0.848542136015564,1.0773972460801813,0.8032486401775496,1.199332176335082,-1.3635758969426743,-0.864323069544354,-1.0869684067923724,-0.9113710897085159,-0.7090586732475068
1.0925662577677315,0.0021702413821034217,1.1718073675221796,1.449203466661787,0.6678411878040132,-0.8638493898757805,0.15761399324395597,-0.222235973406395,-0.6797430685449144,1.0983502629962603
-0.5529489000929323,0.9055684586046038,2.1588468453208627,1.1528009195255309,0.6959109788035089,0.33233791888660036,-0.5932548711455256,-1.2697334129211404,-0.7683142236832828,-0.5980856062576464
-0.23915211697276273,0.9487220854426842,1.1392501715633663,1.725574112807173,1.1256671437501118,-0.22253815636851418,-0.37594486050377796,-0.7722001329550051,-1.2841764622616132,-0.3648222831477192
-0.021337758815027315,1.3574848361178389,0.7935719735538708,1.211711372362911,1.153738090733655,0.1121623627067705,-0.7861509854939412,-0.29856395223313836,-1.0937944327354499,-0.02874143263761055
-0.5788923390119881,0.7467506802896143,0.39453495965444774,0.5273816227948174,0.16098322734479703,-0.15476472205509975,-1.043461336543634,-1.5613572630043513,-1.4354396522145054,-0.5892824315801845
-0.4013978873514409,0.1653917197572159,0.9558787581348089,1.468145362310482,0.25596511392505206,0.3809838614267883,-0.17737636954891278,-0.02705201279035141,-2.0944080044000266,-0.5116696089584865
0.8034807933043716,1.5278245688557912,1.4154645625119988,0.5824926012141742,0.8120532964253351,-0.2875825860786563,-0.6966175375548165,0.10077081592981474,-1.3467035232107363,0.6496478830063919
0.022270191686114323,0.20432653799608314,0.661623115254772,0.39425724239493654,0.8788512108704182,0.07123627044237851,-0.33333732448083353,-1.2618584897188492,-1.0132761300482078,0.04002850034328251
-0.4679369345598668,1.4820693818635204,0.6940119645335512,1.1507406943958376,0.21114260872899554,0.6442730846291596,-0.6032063794474717,-1.5722426047072817,-0.23629542470659204,-0.5050760557379373
0.8365271108143841,1.224340711412046,1.9405307301795247,1.1188491755836987,0.9347416760548275,-0.5590595373438281,-0.35576268566414204,-0.990457781320867,-1.1408434222864012,0.6876384405394143
0.18248164846483383,1.0779673327221313,-0.012481565032755437,1.2998142250537605,0.7012796973757047,-0.7386458532261829,0.0053993307306053895,-0.8735289710070124,-0.5741090516124997,0.1756169313827587
-0.4041171759408548,0.9447059675939684,0.9194322997251432,1.4887060296433265,0.5589160430147427,-0.25741612776621314,-0.3995614742646877,-1.3155830337313872,-1.6493965958264931,-0.4283548858496715
-0.4791859778020954,0.4435992726232832,0.344217533713158,1.1208761784723589,1.044521300089001,0.4190645647642882,-0.42880557996310076,-0.6741414857560326,-1.1101442890196573,-0.45853938724235926
0.45474395252281963,0.3316260766289912,0.8304339953491,1.3611558164664357,0.9058618864798711,-0.2815914762089881,-0.31106266749368033,-0.7736791434974182,-0.633465005392726,0.41725169900788917
0.13507910421293942,1.1526220222676495,0.36500249155934383,1.0744802933631996,0.3130540804217804,0.5057499001076528,-0.40120478466525356,-0.6262255801489492,-0.9234395278047148,-0.003923962472096643
0.5613332995892187,0.4180462510548075,0.8432201575403101,0.9776629668368004,1.305691959789516,0.12318669044546011,-0.19370496053940306,-0.9033392057677617,-0.8242606645709413,0.4989099409929203
-0.3177362953902982,0.3967004950042403,0.23206446070434783,1.9884146696491933,0.15729139990910956,0.21731456970278226,0.08721645539451628,-1.0967577438151057,-1.31187081971148,-0.29964752976474285
0.23427993592911264,0.2622306417030652,1.165792529552153,0.8452218331770157,1.2225257952580617,0.34525558522381306,-0.7567772113017699,-0.9889809150276287,-1.0734738353168491,0.18367074269081698
-0.36406041664630956,1.3585997934117167,1.9994755172502572,1.58340393658957,0.28611552322457345,-0.32840488686756353,-0.4543305581505913,-1.461897189783429,-0.5948788780862782,-0.37040225930067305
0.6567870696401537,0.429079370038314,0.7114574073012617,1.692650438221787,-0.36417307563169643,-0.14878420155296587,-0.434836388332045,-1.198423580882271,-1.8724283460374986,0.5648558258648287
-0.30502297370059744,-0.028737312649937397,1.6502829571146038,0.45840669151821045,-0.26637083488349744,1.0584672710845435,-1.5328104383937489,-0.8844521399518763,0.0003035217086051478,-0.46551934631695935
-0.1402279280174741,0.8463556514769693,1.1794029598009215,1.4008879965750172,0.56625937214563,-0.5821315728928727,-0.9992028374571091,-0.09062139348494136,-0.3918285678213457,-0.18779910007218237
-1.481445121667158,0.8936191075839177,2.0208052083007533,1.2021799888575797,1.6051724646748702,0.5898666472691013,-0.42532637260033157,-0.9444989907269069,-0.5825713320230289,-1.475504840169082
-0.480206377767281,-0.15180243459183307,1.069357372941369,0.9360086117682621,0.0824579579099658,-0.7114249135093589,-0.9384151768575641,-1.844138525369646,-1.0896990499675834,-0.6138916786184337
0.33834060027618007,0.47206020785526115,0.4553373976144032,0.3945333743670566,1.165350998014731,0.4500327905851344,-1.86942113160459,-0.3369187266619619,-0.6635373510244638,0.28297245987893127
1.0879907462682696,-0.45244377255038404,0.7600178861887575,0.890856189563999,1.063002489013825,0.32083149795033084,-0.8770057013559265,-1.5624726686312493,-0.348437878931817,1.048604675687939
-0.6038570944364277,0.23741118226521857,0.20196593747373093,1.6440649721362068,0.7998375027265001,1.0132954976403863,-0.7153271158909078,-1.347134270894092,-2.025944803464375,-0.5964389553089074
0.5363209502547173,0.5328853434683877,1.713155448103843,0.8816626934355967,0.2538009220056814,0.017374415801603222,-1.064240195386673,-0.8460458078238118,-1.2775406560376128,0.39792700723546703
-0.38048351280147164,0.13560920140561028,0.49105561283811044,1.003010471534766,1.3161498140521681,0.49741786327612936,-1.0769507031088053,-1.337134870319697,-0.4567578218675895,-0.4045966156232819
0.14923738773102324,0.8512543511764901,1.5383012733572456,0.42595395652366286,0.07698702357268361,-0.49641547989754925,-1.673254575504627,-1.0110325211541125,-1.5517235244025578,0.06512112269229219
0.2539972129824167,0.577644487435281,0.5772580298745258,0.13527158446548315,0.8251871879134358,-0.009875558997561228,-1.1761927848814238,-0.7697613076710955,-1.0344220470567338,0.13421635218354466
-0.38261802295024366,0.43639950100222336,1.047409494146859,-0.2476682771512757,0.23135572510717156,0.41336435234927094,-0.632773280584094,-0.2501586625787263,-1.4588106026691143,-0.4674804258094184
1.0482762006833657,0.8202615761466528,1.6589706831693012,0.777132950840665,1.0690067596474115,0.6424063539046775,-0.81046077095559,-0.4738097302290307,-1.4105874831019838,1.0238001907969339
-0.2645081355678037,0.2226330704846372,1.116098080277,1.3975757062549952,0.6926208390153318,-0.47786110788141584,-0.12026627662903688,-0.9327975536682477,-0.7490178579263957,-0.28923382592822366
0.1820361046154904,1.1200618697119846,0.6161256814097704,1.7499012392609279,1.668453948724315,-0.3286768515259664,-0.587826308163327,-0.8884311094477884,-0.3669742426373698,0.07940764026366737
0.16766505897980064,1.2207189763023187,0.7405700067778387,2.109591272266109,0.2662964977709875,-0.28508535023155623,-0.49854083429513185,-0.688648053552129,-0.9338857816464802,0.2028685653951815
0.6939984806272212,0.9160143537624854,1.225557751484599,0.37653320871846274,0.17441551513080927,0.4329346676577366,-1.0079546632149912,-1.3077366016403302,-0.9318706419002976,0.5393274086309091
-0.01710188873988909,0.28140473098595303,1.4623989299210831,0.9647845932377292,0.9622366400318645,-0.42407595524691344,-0.8536791818809312,-1.4284663334475622,-1.189454160100179,-0.05091641664604783
0.0159641792792911,-0.00753789971204244,1.2332728764808922,0.4805478703455422,0.8590683701214104,-0.8714961807009188,-0.10718236493139877,-1.1045787598434185,-0.6125834548080011,-0.0437329062571925
-0.43981684024376927,0.5326952717578911,1.332243828271652,0.032469944303706644,1.137778183781266,0.3667550779954236,-0.26616925957996834,-1.9773575808102648,-1.1806022281504798,-0.5483688881351307
-0.13058962205803074,0.18065175542404993,0.7909628924270875,0.4597617676543492,1.090611038178077,-0.7384180370744775,0.31068318404508,-0.048375291705416434,-0.4864806753140935,-0.19641901056837088
0.058538756104049156,1.294039000542336,0.6405630894142335,0.5350647819795782,0.0790054882653517,0.11623063538463926,-1.4162594500492447,-1.3420660074370219,-1.1307642138360547,0.013816583458491224
0.8299796371723952,0.1292444580497233,1.0031305387128318,0.8239642595682264,0.15804064666444723,-0.14183808345873025,-0.656875069301856,-1.6222288834356982,-1.2692182438130821,0.7529569023068444
-0.037104973979853184,1.5318279637222607,0.5846006735914362,0.7665843134423309,0.23741942318570558,-0.481443988919186,-0.524586433721351,-0.8903752143849061,-0.35428593052805324,-0.07433098595690193
-0.672911574138231,0.8456691847876723,0.6752044952904162,1.0342032109938737,-0.035276210271246056,0.1576199808290349,-0.1878484707351784,-0.9123287408927082,-1.4223227210862572,-0.6947517396880675
0.8550951769672283,0.7089395834064395,0.7689801655261888,1.7289252370075001,-0.0018557001551402497,-0.6288220631222132,-0.5499510091418799,0.037675327493475796,-0.7299856090000244,0.7519921934646313
0.32931435014693955,0.36968196835738093,0.7210040849197987,0.6761195001615381,-0.2990336530427563,0.44644843639023063,-1.5846448237064135,-1.5945019663764273,-0.9250404996054188,0.26525520831951144
-0.04423982088788409,0.25634948307968325,0.7220571618117414,1.9818507166269468,0.30692759501931083,0.25065610844660846,-0.4322919791384321,-0.9564250038445705,-2.391598579583108,-0.11173237084489265
0.8039994657517189,0.5041348649840552,1.5484558494032215,0.7639538896772274,0.5615086679155062,0.3346959794808027,-1.3506971669748375,-0.98815076568982,-0.9164536756952376,0.792768315601532
0.16265079119902665,0.5078304295102181,0.9332841020706772,1.1885467699398398,1.170212945934825,-0.09877241554347845,-0.20787607525853985,-0.33997012248884384,-0.15151269893213792,0.039619965322930176
0.35868797804342784,0.2864897377018884,1.6898302715961653,1.5808232678873968,-0.7704524424523141,0.3548416827323982,-0.3865094271181041,-1.2981441165263956,-1.5617507863936777,0.3935476706157946
0.35510840204623617,-0.08275020170183323,1.7950774412677428,1.0677113852579423,1.2527211958835975,-0.15487192665112168,-1.0530007315269756,-1.8671972296757144,-0.4828885115291789,0.3323559730522534
-0.09190804965733673,1.4040460644285755,0.1562908937270313,1.5251860229351117,1.4654788604103524,0.4583550398933976,-0.21009812501135322,-2.0974235277001005,-1.0915844159851893,-0.15896546237013554
-0.17898276282315162,-0.021707598233148495,0.15315147179016853,1.4188323330776322,0.9689885183726823,0.4722821789783088,-0.9759596014915319,-1.8083574066355024,-0.556863134527309,-0.1262841069970726
-0.006404557609102807,0.21631629799827834,1.587071305569583,0.6954038629043329,0.886588138047042,0.29139382879245135,-0.6676823109762543,-0.6356977279821068,-1.6433591416140045,-0.09357500154493786
0.22353664102139534,0.834929243051948,0.7688334990616946,0.5502084243291552,-0.17553492924390268,-0.8011148050295366,-0.8536491817482504,-0.8630883545993577,-1.8234948704921017,0.12507250201993725
-0.11957871216029457,0.19968593402804985,0.46549105194694484,2.3760584616915805,0.17630542851927616,0.2191970401365506,-1.3699992794743059,-1.0043983698869474,-0.8902421428145948,-0.24334796020892133
0.35933777529601696,0.6529336292591996,1.1092389332661887,1.4682545101047817,0.6542460823068623,-0.5497649195024649,-0.7780993424614888,-1.1535523144416395,-1.2648266103393326,0.2914179978264477
1.3970179091444908,0.89767243802766,1.1904709888630973,0.8937690222669752,0.3768498499875684,-0.3330333483518938,0.29248702365840207,-0.7457256968283605,-1.413447896411725,1.3291368622111899
-0.5321477626825437,0.6180130454475153,1.1988903451553556,1.3956834632358388,-0.2304547688165911,0.04869877975818302,-0.6527886709907711,-1.1389909833287108,-1.2042095429622945,-0.6331949669396867
-0.3559224707556974,0.7834446349884269,0.5157245199617013,0.40678854975871115,1.2708671528914421,0.37927177492493436,-1.0961992326064491,-1.1808710511318699,-1.4040554296727379,-0.3729375619497139
-0.15296602558453445,0.6929883149129751,0.5792071782014393,0.8712895169571558,0.6850286447624615,0.6529761541957848,-0.8629682458739976,-0.6976431695913949,-0.7230411540647076,-0.21411292132906512
0.2959497809145159,0.05190574975025708,1.7794593279540303,0.7780891579809263,0.01268114973637291,0.5215427634120505,-0.004962763179060858,-0.9809183176974459,-0.5448519137903762,0.10628478545373421
0.012369810323114173,-0.2857809235019221,0.33641529251848123,1.0364232216494174,-0.21208089655358564,0.18148197396129684,-0.04112264077858563,-1.4042039757375384,-0.9808195515076008,-0.07167177080219557
-0.1504201497090574,0.6891616507715635,1.168190501300864,1.388227860869764,0.5319950348535002,0.42975448947492195,-0.5049961260345859,-0.7567739646183558,-0.3767484320179251,-0.13428904382865267
-0.13609193592002353,0.7254960815550808,1.895065775035813,0.06685692426421896,0.8606426844414536,0.4309418935612543,-0.834456328008528,-1.0891642039467215,-0.6249245373763704,-0.1963017465191971
0.2528270970756731,1.4127921925752744,0.21324690824362025,0.3291003575615242,0.5060549217401286,-0.3686247833390447,-0.8739081783767548,-0.9704087182953884,-1.5219672647274107,0.11186120065605734
-0.07545942303291966,-0.12202341468124844,0.9976975621392256,1.3174669821715648,0.373272110784199,0.18405515207390083,-0.4354800634411475,-0.18895244875495143,-0.353888954752168,-0.14520912935120656
1.2349176591894053,0.8469527257026446,1.2055887025216898,0.9924941568762521,0.7520321790737075,-0.18282074867332418,-1.2455022318280515,-1.8656399282550937,-0.8091025857798743,1.2225900843232598
0.3861369143230643,0.18467787913252054,1.2304771517011486,2.187256750756804,-0.05119073114992034,0.448583582990786,-0.6327206306707712,-1.0337033014283623,-0.17488335674709532,0.339635358530373
-0.5508733912118019,0.7196278268056384,0.5775018833904765,0.6037530041920887,-0.4907837308499897,0.015148913089470863,-0.9350873991507944,-1.4694950980965835,-1.380097846014022,-0.5237402184103777
0.6447040449047055,0.9115493632268102,0.7539121725723832,0.30022915805556893,1.0977120697833989,0.16445390317404013,-1.417642795455159,-1.0270896726197871,-1.138354161238843,0.6788786990208787
-0.6046557723919519,-0.2613964225577472,0.4420892901918332,1.0589552820022516,1.010434459181297,-0.6669873817636104,-0.7026500933928643,-1.5172611916945833,-1.205195775951755,-0.7078916357687607
-0.19298181777423154,0.7114694064171231,0.7611198853187715,1.1281365149303306,-0.15263006020824066,0.4593375907102359,-0.1382831709889768,0.2821843978246549,0.15906653111337765,-0.15780284460098012
0.6208895319295261,0.17291986178338048,1.1409823729782962,1.003367632176499,0.3189513920874208,0.21792839172446365,-0.78417672468566,-0.6526772904514933,-0.9861949230001917,0.562952513384652
-0.06934502898432414,0.47613392950329303,1.4451915838966911,0.5039610507800535,0.8638318007357942,0.14398552837849493,-0.09900776412749923,-1.109783291861301,-0.24316203107872802,-0.036365347045092
0.30016646053391394,0.5857631766318512,1.2975823083212956,1.1900463579293759,0.004246589834787207,0.8937562111912121,-0.6749652196229887,-0.9969525630676591,-1.0604577902461951,0.14236366399454958
0.5592567579596913,1.0242687290596475,1.1065170906938895,0.7423427089520107,1.0416804514465947,-0.10152099730441154,-0.09910118353975755,-0.2359571692473038,-0.31799058327313157,0.4317281055910658
0.34069588731793404,1.050608338126917,1.0688091365773904,1.3561260834070439,1.2871081905154673,0.45293216679275516,-0.7028087045870008,-1.0653272890765932,-1.6473038478260613,0.2329768639373675
-0.4520101501571951,0.09164447754116789,0.8606898024681651,1.3262088953977693,0.4119163825416746,-0.6657158166881665,-0.5137756423217656,-0.9994598822249112,-0.6990559642643033,-0.4212861177895697
0.1407622083148339,1.2899750448589569,1.012318697247842,1.016048411250671,0.6212787916500365,1.0679294646624669,0.048677623324120844,-0.8878207030061751,-1.5056056596870526,0.10243629685468383
0.2217523844766903,0.6482844853123865,1.02701010678606,1.413924295204304,0.3552172981721533,-0.07434279956451102,-0.45052469955713925,-0.7745487640641766,-0.8936290330464078,0.1660626795551541
-0.1768536221305206,-0.24527043937689474,1.3697376245191264,-0.34689692561794105,-0.17743872173566966,0.20953208599294115,-0.042097786437633844,-0.656268408861804,-1.2693080983877973,-0.22139312939097885
-0.010498635294918752,0.5775711218411383,0.8546479045297625,0.7492424802333562,0.5504243333147733,-0.1023525897823942,0.14208879453661916,-1.5578828759566135,-1.6739221920345189,-0.0034432623628013305
-0.45933858246331766,0.4093089357586007,0.9972563762064692,1.0836656383622385,1.1546896333009022,0.0984625277447387,-0.7388791406653125,-1.245391670100902,-0.03979066249406271,-0.5629383796044541
0.2606674604367375,0.93981348847886,1.4681028394133497,0.6547934829308402,0.08215266369447716,-0.12158562523518138,-0.43255475368067353,-1.7926541012985862,-0.1137541388649741,0.2074139478606823
0.31339076729354703,0.018724429854084068,1.859108304067313,1.183411468184911,0.45149329410271494,-0.822124292217492,0.2257784760128646,-0.989886083850418,-0.8670296536316353,0.23242303243117154
-0.576363903723865,0.18577066549947158,1.3765239407631242,1.04171515290241,0.8282157068941856,0.28555840467387766,0.02486593845651841,-0.7826624092558186,-0.5556892671742498,-0.6120404544996925
-0.8846798989192046,-0.6661047735191612,0.7833968955914474,0.543839672485886,1.5549308531785573,-0.6651259801340076,0.05843442991536962,-0.9668560389556785,-1.0268743619998133,-1.0543555228949784
-0.1647163177422528,0.5101562046486866,1.3021022940463085,1.0980334858605028,1.479584156359628,-0.6890843813881622,-1.0564605895024897,-2.1318252100769253,-1.6215328688756456,-0.19069705952750357
0.4212564035933258,-0.5923809527519233,0.9889060272369632,0.9163571356041058,1.0247576356450723,-0.47327710154703095,-0.3468077055057027,-0.8246039170930806,-0.7398211937434888,0.34185845473029536
0.586813853134352,0.5892171887025649,1.0181715957533894,0.42050825568585726,0.772481049341515,0.9970256989970229,-1.3377048966820002,-1.0391437819471874,-0.3388890352876527,0.46378183592906924
0.37266204208554754,1.2402365776233326,0.3796134962488522,0.7738790962012492,0.2579524723335344,0.06387471275157539,-0.3612810757342031,-2.30829158420156,-0.7376255306361101,0.23857957006596528
0.009327942616470653,0.44478070618806453,1.0771759983427978,1.1267512775028652,0.8504017556649978,-0.25771754976957817,-0.14347455769680534,-0.43418221401027224,-0.6754846160147905,0.016598105389203067
-0.3713132890473763,0.5541515301603663,0.4825907366537595,0.5822090694961503,-0.10217315561824425,0.24965146250858317,-0.4300100956622194,-0.9857597311504004,-0.4812613628774163,-0.48115734996669796
-0.5950858443749321,0.8247948146757123,0.884983917491538,0.3262298797045796,1.0381540315768247,0.32509686435193275,-0.3342910250351206,-0.8946638725560279,-0.8500588486291049,-0.72757702797777
0.563644242001209,0.7261121421372257,1.7995736333923826,1.6149341766890002,0.7745238002737422,-0.4975852084539343,-0.5717120722531412,-0.5074644546197942,-0.5224942683199463,0.5568638176056829
-0.09146834843419002,0.23321137471055436,0.5545305066722851,1.2002028237204454,0.44151663952515696,-0.515652079340479,-0.7951819595713199,-0.16300115492117218,-1.5076757055684782,-0.1138703515902508
0.5089057504652715,0.7479772457661116,0.904290836779219,0.3656098362968545,0.7128737395999145,0.1576010461982113,-1.2698821346457625,-1.3966470679580834,-1.5097691195380611,0.44502967883300026
-0.711579003264677,0.5880525809388134,0.0011963446761628083,0.9587204518645719,0.38660666190035403,0.49125184182959397,-0.13761693962407445,-0.32885645199543734,-1.4664015654717422,-0.724604865980452
-0.8828271818543025,0.47542343503262685,0.24243475869567288,1.3865508658448058,1.1048886281999846,-0.17775908064235663,-0.7419487125892124,-0.7162919317910842,-0.631553400721992,-1.0153708069554368
-0.44110227819480274,0.5986663614518205,1.3039080858722745,1.0975341142727277,1.3166943223807472,0.46376350697305835,-0.18561696458443833,-0.7701611359072811,-1.575047976284421,-0.6165626691538729
-0.39815202546838446,0.5753466322752882,0.9474669287284283,2.2006425853052107,0.9211887706959692,-0.7446152835979963,-1.2522357379999525,-0.8518125390871808,-1.190892851954233,-0.3346057230674252
0.33536960714650377,1.0677452367553124,0.808040078435475,1.315104272703114,0.39890660348589624,-0.1828432916094547,-1.358210529530548,-0.3431124757676537,-0.9308949505628192,0.21470715946618718
0.14433159283968242,0.48375166245029855,0.48904045073733354,1.526588641650721,0.5338430946905286,-0.29933283058698024,-0.9296650948968801,-1.383020490270873,-1.2146537332914247,0.15012322427277572
-0.23181898878575488,-0.03592956937693159,1.1580480812016485,1.8040279598781699,1.335669352634738,0.4883642197804572,-0.4528333427880874,-1.1136292578045985,0.0954604388893614,-0.29518624881083877
0.2825992845909206,0.925049879050444,0.12632057515316475,0.7462863204809058,-0.3675778451650149,0.2019612136333253,-0.5569019435837042,-0.5489795392980357,-0.46109610032985104,0.12830384904743572
0.3755765593380637,0.921568159003302,-0.5106086567815561,1.1374944074001156,1.0901660052990827,-0.48913739661668215,-0.29547321032899604,-1.1302390796719641,-1.2979463980171557,0.24347421178459802
0.4864967215993286,0.3931134175677139,1.2110525384090716,0.8894993668305404,1.5918188949072705,0.08524654587695918,-1.2107166956886677,-1.3218326773159996,-0.5703915924783469,0.3910506749730534
-0.3490964434391876,0.5425037210903625,1.4404626271131484,0.44383363228936024,-0.058897568118645216,-0.023490085961926938,-0.3460807174552071,-0.6623862010703387,-1.366300822184325,-0.46628148623079735
-0.15809118911576261,-0.006522215256007935,0.8150331957849175,0.32493013108167923,1.3206753484886484,0.6836908705885951,-1.5941015547262127,-0.5499161396015125,0.3035858653211425,-0.299540480552701
-0.12006509726019503,0.9892799357220488,1.0180184344635854,1.0116930510586881,0.20893118995527532,0.3040733403153379,-0.607078623390984,-0.012360313960398162,-1.219777548815415,-0.1637028458694529
-0.1630090176817071,0.5447617231116383,1.401437037349955,1.108495973176368,0.3466278803902081,-0.22073673217771292,-0.8013629535998045,-1.2434171495540247,-0.5673501583039455,-0.1764346956239737
-0.9208429666860095,0.1998782429208083,0.7803022870936955,0.5366461385045579,0.9531734239925468,-0.7671751601420062,-0.4645387458043993,0.21657500356712533,-1.3840530961506106,-0.9588792633977568
-0.32743800283081875,0.3968599878564276,0.5691722934953052,0.6011997557796631,-0.3093428362738677,0.9630434699424388,-0.24387334834026803,-1.148881444987338,-0.649633419123266,-0.38088526191921507
0.5094681400251605,-0.023545437146267112,1.382002004247503,-0.40431646502365837,1.162589654927581,-0.744194094850065,-0.604085107148773,-0.99778387462137,-1.2335573923648273,0.4064751035059316
0.25098186388995086,-0.133476770190609,0.856955031359565,0.45868934192501165,-0.6733038859192165,-1.2091727191263408,-1.097120460151457,-0.9850068592829038,-0.8220815707777585,0.23837230280657068
0.009192981445025342,0.6249313527707099,1.9066501237691902,1.39060994965365,0.810104017092441,0.10780000415178585,-0.8097023504861562,-0.6880402508954525,-1.786445520121731,-0.06933376053220831
-0.7173894150849,0.3730082059220602,1.6490657159259638,0.4856032605570015,0.22052916510046267,-0.22407387659407188,-0.7456958229897495,-1.0511347179855173,-0.17833378162622548,-0.7985734661339193
0.11440622615069831,0.5722583657641527,0.34606652674421967,0.7170795049007307,-0.4465805890822315,-0.3186620129515739,0.4621289173516764,-0.7977502834582528,-0.5943487336463011,0.075645331395304
0.2453416763603303,0.05799670515426425,0.8507281783252014,0.9198490446527561,0.8808875115528603,-0.48648437015393897,-0.9880705410250558,-0.8633667484613594,-0.628670892861088,0.11987743728725023
0.41841193769545965,0.8229979931591875,1.5073702210062614,0.3028486759029795,0.8499250999316965,0.05842551970870223,-1.0883598678342663,-0.5227318176359708,-0.6691353402824682,0.3627676258373328
0.7106651097100815,0.7581044384328088,0.7118432485697966,0.9050216281948392,-0.5925166037834256,-0.7217745945033162,-0.7613155543553621,-1.9461850669118022,-1.2220291345205108,0.7152915074570385
-0.5227311694737105,0.6075673706929989,-0.021727358818108944,1.2248503720245194,-0.26489075523739636,-0.3847349355477626,-0.6218597261217716,-0.4424293732773694,-1.1472654783506768,-0.6503822830782777
0.7026045196969319,0.34477378319732266,0.8819196310690383,1.2306076502288685,0.16819897432239572,0.6599458042944246,-0.5833458223546639,-0.9862508127417494,-1.072422647073394,0.7610903210983763
-0.40243310649308356,0.652806869135141,0.8241919455917576,1.2231476851789849,1.7646958557059058,0.9496809276779582,-0.82186609240402,-1.2159885463481164,-0.6599261316654714,-0.36768652770126115
0.8646208910903014,0.21973957957232043,1.3014535484826273,0.8221582805359923,-0.6220989314669433,-0.27786754876720626,-1.1167400511156398,-0.38527628945824866,-1.3443593398926017,0.7785113880138119
-0.30649763464443297,1.1774444704075093,1.3490624264746602,1.1129080726071223,0.9390459284470163,-0.19186085108710318,-0.8920454319768949,-1.655091569342186,-0.3959958505708211,-0.36602584747464906
0.0787681248292813,1.1158872685217487,1.4408370834763666,1.319714449010819,0.5376642862703017,-0.8632203897204523,-0.028063379369303476,-0.8925641586812549,-1.021786857568719,-0.01474446145739701
1.0553966023917416,0.3373292552168048,0.36140939780364156,1.3374511067349486,0.7810829272873919,-0.22755636118667943,-1.481579047991079,-0.27811558461239294,-1.4412083510578255,0.9931130546667651
-0.4443836434562457,0.4223966983287016,1.3488842323638137,0.7601760438439074,1.5768270734476468,-0.3005766814458257,-0.3757080708704109,-1.472805148316086,-1.2026489873834139,-0.5191163395916135
-0.24117353824887622,0.2525426198124853,0.7993721774440914,0.4498851398137732,0.42481971395988793,0.8681332426874949,-1.2182273011370914,-2.101270826336662,-0.7040313093898353,-0.2455967911804936
0.10526613065039693,0.9876144971932639,0.027921732566295376,1.1640559163354238,0.897914403579781,-0.014801348511598202,-0.5203974866335991,-0.5318360747524926,-1.0135850462289473,-0.053028456827972206
0.10597967940357149,0.8287091743994647,1.1306049234822908,1.0048073851217416,1.1389806686155164,1.1606881499668624,0.3267743366647433,0.08055692659127567,-0.4617020067956053,0.0845927553010615
0.678825587532149,-0.17089091404710088,0.9331653120969678,1.2406127521816162,1.0460309067525149,0.20164175279933755,-0.0321259014865124,-1.1856601693023576,-1.502286228626601,0.5605917605392408
0.26703445866172315,0.5370455366573854,1.2714036345984518,1.1622793600189754,0.4586875669834318,-0.8123809604327801,-0.6613181849687154,-1.1373487594245308,-1.1992053200488364,0.23549980244777868
-0.4637869099919644,0.3035867006809014,0.9381096028932312,0.929616652585556,1.0040525893636771,-0.26311772887301194,-0.056287158658144265,-0.4680829232131838,-1.7443805406819834,-0.4525656448356745
0.5707581708926768,0.8738240630920133,0.9025902400894195,1.458189040267787,0.7230629396373246,0.5063870992865114,0.13172182523116394,-0.7842495396500563,-0.9837974223121599,0.4957528939363744
-0.17752375815175264,0.4465900510444985,1.53087157030898,1.3187591053094005,1.736614999067081,-0.15711635044972325,-0.7803452587565513,-0.6962493023107124,-0.5305831899640117,-0.24019398732492608
0.8374619836346867,0.6513089344445542,1.802608303657453,1.0080344258526086,0.4755716089635982,-0.25208295549600146,-0.7736349989177488,-0.9653590010810905,-0.821662709352325,0.829543484059212
0.5193557328867638,0.5308615970844854,1.293999245797782,0.47510680401028765,0.7789706240638167,0.21266501558365927,-0.7960997813253412,-1.8355963368472885,-1.7868049443624932,0.4805668447789804
-0.04675348470038303,0.6690145666181649,0.8382529474442705,0.25048118910265027,0.7503451895757327,-0.7738133562476623,-0.45781737768817077,-0.9939266785778266,-0.5818012324433801,-0.10674073327115323
0.20081675002038105,0.7380243406373678,1.0596786125060953,1.3375631851127205,0.7956438475153185,0.1715438660588751,-0.9776908259941552,-0.8908108254761273,-0.48430676083519697,0.20121952841443766
-0.23512882023198808,0.7957381678587444,1.6769938782793288,1.207998675924762,0.8221721782056937,0.36625834141180863,-0.5003591468926338,-1.4509080444491345,-0.6134430473483612,-0.28265083435684235
0.13915257001108527,1.1295077977490795,1.3261397120365925,0.9704624951886971,-0.02561469748137446,0.1897466463702034,-0.14555974233004865,-0.7796016698287439,-1.7602936957635495,0.03368582270550392
0.12372884986984152,-0.030284412769790547,0.9874909006773502,1.6700430460181417,0.49622811963739016,-0.5346861312350086,0.9642466390241656,-0.9817404912413716,-0.6631450336266536,0.11911379036654154
-0.19490468207404277,-0.2557449948826618,0.7449264174948796,1.134979728584544,1.1878680314575747,0.9072063707619009,-0.36928165613623554,-0.8941456889877968,-0.621937878846708,-0.2859552032569727
0.28841088548027766,0.9892143149345913,1.0575481345597593,0.996451172898075,0.4707524404009426,0.5606676716143658,-1.2059288179335859,-1.0861344643089166,-0.7649698075862302,0.18498643801459447
0.6898410145025083,0.09430759998524119,0.9812175173121209,0.9306896630863724,0.3937010194421671,-0.16776445362178746,-1.3221039395983731,-0.8967529879085481,-2.0213925074290886,0.6700227340813759
0.21051867480120556,0.27536891312067113,1.4684649598447166,1.1023205065302542,0.688107723774857,-0.880783900773704,-0.8021833855968667,-1.3864708129820633,-0.6717044089376616,0.09629383988295385
-0.6201029066223249,-0.11162491456255397,0.9431658222959705,0.5076879665428095,0.9118817710385625,-0.066585559010046,-0.35626604326159217,-1.9289843677246141,-0.47359290815531974,-0.678090631318442
0.024286342836620504,1.0040228982800363,0.2736316620816923,1.0886182117915733,1.0726780060692886,0.3681628128048249,-0.0199241784296873,-0.5473202777353805,-1.1501990013511352,0.05102993279723988
0.47928198411582884,-0.2896106417189349,1.5134953006702854,1.3101755434801157,0.5835303092457019,0.13608404878025887,-0.8171111924827296,-0.48122756041263426,-1.4359100817132608,0.48765096074547454
0.7981414658851764,0.5250526241046343,-0.4339799249754773,1.1800615957430916,1.4578376523638754,0.5606568740934786,-1.3529050592317602,-1.2411149519624995,-0.7047933759274362,0.7453420281232366
-1.1350092304310182,0.3000726322871229,0.8297438170637667,1.2037074785990696,-0.31360754060575,-0.799168180022938,-0.9375520831421214,-0.30537566136875083,-1.3601903071934769,-1.1520557517701924
0.5282657328473203,0.9316851377795619,0.6322376268677437,1.2048974231117593,1.7009614429893811,-0.14787250306578661,-0.9343782414356243,-1.5361379262797585,-1.2080211724760241,0.3934211764055078
0.5853638382650941,-0.40055777219862354,1.2055823066332108,0.9967657001766322,0.40822553108703175,-0.07696768249638113,-0.42621857704394434,-1.3986668116697833,-0.22134558257218728,0.48789239007928764
-0.20711060972367193,0.5470642198734251,0.2591877620562413,0.656979566074642,-0.3625762141714063,0.8912903522331586,-1.3073376716802647,-0.7493263685801776,-0.42189804573388734,-0.2625349766220626
-0.04808195917330517,1.0339801011110836,1.6191223365981045,1.3008985359959422,0.8055865247779833,0.6415202199515918,-0.7940257702058213,-1.1820599654347124,-0.6447336771493545,-0.0519741819813721
-0.5807422503030379,0.5137954200823328,1.45806826668776,1.227175147521934,0.47521647354478824,-0.5363802045386895,-0.21917809158385843,-1.969984609651041,-1.4184273301509425,-0.590785648123417
-0.07895652219761727,0.6489356445522346,1.0840539713641217,1.0669295144826614,0.3244004480188619,0.3530406646953892,-1.0981603994959952,-1.6194188542305157,-0.8701030832144839,-0.04379811581004148
-0.2577208444264801,0.6209890690764991,1.2089509490419033,0.6176615410280923,0.5876205098415939,-0.1873416509949364,0.027743606140192112,-0.8863468009437288,-0.7486883803311144,-0.38269101367240677
-0.6768810086114823,0.7225284212931045,0.7912570681675714,1.225384101410137,0.5381706354652687,-1.0022122403525238,0.2656412820942997,-0.6118721517244408,-1.2794652150175532,-0.6965405841717044
0.3428282997358747,0.3860523657620521,1.5406557250792918,2.1275857932868014,0.9394206419982798,-0.30197372723693294,-1.3269823698150145,-1.7021176556177249,-0.15260701031500634,0.23455204235180813
0.9814373700063531,1.4458709346766627,0.8725580808911613,1.0312604182146916,0.8970755978172777,0.12201871303676566,-0.8951869354494135,-0.10324675905704439,-2.020618075288338,0.9548197887526066
-0.2007755016333358,-0.059480683232086884,0.2765950777792634,0.9188137962421417,-0.09915753644239078,-0.027705334356946727,-0.5853950195636529,-0.7540204219311966,-0.8664379768990397,-0.263754033591222
0.19527450265549062,0.9239242573701529,1.1308176338861595,1.4111005948836235,-0.5502785357829908,0.2201285860786952,-0.5085581141026743,-0.4915367430272122,-1.4846985977290634,0.10528740834818508
-0.8121366379512449,1.1772047268035433,0.8677827803702106,0.675259839687385,0.6923488639802383,-0.23013774677914464,-1.1242720605556273,-0.8595759247159641,-0.9113688409007732,-0.7967647598522268
-0.011782416827269139,0.7775504944366514,0.5694328989588089,0.7637351546396636,0.5048198403163047,0.45568281960141915,-0.3031413979563456,0.4465058412546118,-0.6084546381975191,-0.10862694564661013
-0.4286187566324666,0.2906400714421994,0.07982789802622559,1.6214361220720366,0.07386662749443995,-0.6282850575213795,-1.0243567178934718,-1.0997406345646152,-0.2616381839265174,-0.4614490057012678
0.28027253360652726,0.38744615484636014,1.1456190571810572,2.2753840494022564,0.2882542978486225,0.6423085954592054,-0.5825939724225291,-0.2931985503822595,-0.3394893258253493,0.1738275052960795
-0.52824023794879,0.837603786895541,0.837418718411465,0.6469053099761566,0.6086782473448387,0.25459282073466094,-0.27954624948148143,-1.2570047562716975,-0.47273971476187976,-0.583219211282505
-0.284811119902228,0.33796232712271435,0.11171469509250398,0.9743175705099402,0.5146604783106167,0.19680326789793803,-0.9635268757336594,-1.025980004276443,-0.6045170024635276,-0.415439153278322
0.2730483523754395,1.1585966423145266,1.3603275182381935,0.5782561926341792,0.7361435386406284,-0.06674266460072897,-1.0777201158678804,-1.0061301033044854,0.027351140400410645,0.21990259110530963
0.25024544448720204,0.6904660347535052,1.3955143709553508,1.2347874922086928,0.5465208355223157,-0.046254752462445654,-0.5493084969818433,-0.9180310117601063,-1.052812423917301,0.1735770329034766
-0.2692489720253407,0.13166071117550276,0.8917014043765651,1.1296775040809859,1.1524116160061348,-0.12864244881244635,-0.22900119449366863,-0.9821241558190981,-0.8096312140038147,-0.2819941997912435
0.12331576293083603,0.4716976570160535,0.2883291091765229,1.6383967783932865,0.031211322725131496,0.8219245398417806,-0.9551993370157081,-1.4849424011488772,-0.3933725541565434,0.009392560032245215
-0.20089841189573907,1.517708728466899,0.9450681828069211,0.8397235118775203,0.2800516142451764,-0.9141162109642876,-1.5145534734850403,-1.149398568183022,-1.4138548801914008,-0.21852526280576196
0.8601998518351155,0.05244230558463492,0.7137698765274733,1.4126760969066088,0.9175811407308696,-0.4687919327280324,-0.5882637761442963,-1.8922559269003496,-1.6856461334441502,0.7999004743017541
0.32404464776134034,0.878075158157885,0.4464462280279554,1.4702107517866525,-0.12679899800582972,0.8191962399708432,-1.6535852020389643,-0.7237292317496414,-1.6952720883329684,0.15643623792228567
0.2926075698776249,1.0548756214457775,1.2254011030019392,1.2644164124168469,0.36977200461420334,0.6533465942121088,-0.9646927900974074,-0.10852384542736015,-0.2842772563312872,0.304075765927781
-0.5843877937758771,0.28513565930407375,1.283393753446998,1.3299699735337378,1.2277567109212768,0.8589457518391463,-0.07771674169030707,-1.1986046809742854,-0.34991286189040205,-0.6500824619074382
-0.9985694627676863,0.6980761983665065,0.48340056927135056,1.7113669820986355,0.8291167419611334,1.0846300315609416,-0.09454535820194265,0.3464572326774872,-0.6265440533620941,-1.0752571962996242
0.13594988784123158,0.38161237183170177,0.6019015116309048,0.33400555747417193,0.7249939094715244,0.02416461436812924,-0.998794873835448,-0.6738005021118537,-0.6339679477451106,0.1424567746157423
-0.0018564814380824194,-0.05926879150229558,0.7045713233514952,0.6450599099065211,0.9302761374681842,-0.3806751270402776,-0.4333570877677204,-0.751521825814327,-1.0243889132150596,-0.10284969110740622
0.3906979813333855,1.2182308576702314,0.6791343837538963,0.9046147610657769,1.571950123634568,0.7310609841329195,-0.8886702181034025,-1.1893060558486455,-1.6679174099164693,0.36961703230576
0.16243502429199694,0.6462208671336132,0.6572468980633701,1.5380849074845946,0.5350134082441381,-0.4059449285127309,0.59540960000927,-1.4097946788739448,-0.7781438523540931,0.1388059758721467
-0.08892965211021321,1.1866354955827796,0.7435431132775858,1.4427146807063063,-0.21627907644613653,1.6410919483080173,-1.0049692873426992,-0.24551614287722423,-0.674714769670845,-0.12506071827235765
-0.4788599966168483,-0.2379029464188296,0.16275840944172548,1.5787207355586916,0.32524347484018773,0.09377089591735469,-0.2216074089077703,-1.353703245446941,-0.981768893134546,-0.5730043568826411
-0.29636913825352224,1.4615043255860383,1.4944643880293822,1.0204711871516703,0.7092257876645771,0.8215241274423389,-1.177514662287726,-1.5811800575818635,-0.9144647695470799,-0.33133200296227594
0.6004927419615322,0.7073303424057343,1.0148497358892463,0.3540552793210363,0.6327542623893733,0.17879213524237028,-0.8454653574718507,-1.0458675879953498,-0.1899542046320124,0.5996225561710142
