-0.675704592659234,-0.05262662822524977,1.3692772118185816,1.1507727152900942,0.8582758171334788,-0.2518323477522641,-0.6586125740760626,-1.0340563086748624,-0.7810459023481444,0.518489358306931
0.4861575425615665,0.9636942799012937,0.5790049438996221,-0.34823646336665814,0.5020611626256262,-0.551954609049233,-0.3614355815653483,-0.9626288605235723,-0.5454697383392977,-0.5142438360501657
-0.42862123194681534,0.7978814812061188,1.7567981493860532,0.7737203714493686,0.2654982338943253,0.35537612025007304,-0.4584162158126994,-1.0865679954201592,-0.5208488429406585,0.46240724100039904
0.5002321710134869,0.7463873085833452,1.005665882986679,0.4852442557573325,0.43896839012964145,-0.5848218696907708,-0.774767594433384,-0.6456456761243934,-1.898000301357461,-0.5339093524269454
-0.6666765011320103,0.3027570065547484,1.5338598110795343,0.9583538394752152,0.8939159060584481,0.18610133152704036,-0.20996760827586536,-0.6212670263260036,-0.7755529480171385,0.6481238683418622
0.06680507270576132,0.24901569426813125,1.954297544804191,1.4294886558959505,1.055298381443512,-0.09245593192388761,-0.22186480603556813,-0.5988248819662529,-0.811888958149126,-0.1651748819048305
0.17549068105444848,0.7371980615454461,0.49366182614857057,1.100619224027464,1.1293627966799327,-0.932079117886174,-0.3840722654197624,-0.08868793324058877,-0.9491911009158436,-0.27965527304641324
-0.18259882202610156,0.1996238252681894,1.0143630913692012,0.676556339758003,0.6997948026391261,0.18881600912226876,-1.1809426621712542,-0.4717424456508147,-0.9038158728920179,0.1374217440579247
0.452244196170326,1.6096838465915404,0.4955284006917863,0.6574558966839177,0.9092394403578589,0.5362150112274252,-0.9058760856264934,-1.2864542849277945,-1.0491884187909624,-0.5184991564977786
0.6780470963771804,1.29199592088366,0.4661107095086526,1.4781547536117812,0.868599204135025,0.30503452314108886,-0.2839200463097365,-1.3323755581633745,0.2089296348004721,-0.6132912712591552
0.3446619944673237,-0.20426436591431918,1.0322310138631277,0.14642340994825997,1.619294514450052,0.18731013701626528,-0.8246622365774003,0.13534130994546112,-0.8128946797678367,-0.3410611616326981
-0.3167881866390903,0.2442294686877302,1.4969469742043526,2.1981548779587965,0.2210525894107478,-0.16844527783312624,-1.354696311578055,-0.46704792676487283,-1.9597570711010177,0.27692039113239186
0.38660446490291717,-0.4002887083894474,1.3040020322170771,0.6921907923145555,0.07833314938103664,0.046015762014928026,-0.8969207959354282,-0.5103354737919642,-0.9573398497880145,-0.40476107031412495
0.1588717577384554,-0.008005048185291241,0.019710309648006907,0.9834002262861314,0.286914190408545,-0.3784852318247552,-0.9257213351439881,-0.1130457310635955,-1.1964929604779704,-0.19365491381993788
1.2859581090752938,0.9047196913025815,1.0837022765194693,-0.027669659664538826,0.6678099164597843,0.4703083085230228,-0.2742606033937431,-1.4019028017170974,-0.8556566395407289,-1.349578446525759
0.1975932839227885,0.0727009709891887,1.2812918057271556,1.1674242659428575,1.055975490101957,-0.503085013672877,-1.1345907463952263,-0.991797349769541,-0.7154493996105553,-0.24105007605481127
-0.03854442101667662,-0.007641676879096226,0.9751760841831191,1.657350505392543,0.4274408831158174,0.5887132388130586,-0.645201645379934,-0.7623393928950669,-1.2235004006210495,-0.02127879559889432
0.44575677275163883,0.9294328491426115,0.7023587469746412,0.6910615187435202,0.2257326644032126,-0.22570063029157336,-0.30234142583131357,-0.7565035044385013,-1.5424161165797956,-0.587915235837608
0.0496758856650956,0.7608230358944336,0.8389612345217263,1.9192519000179575,1.1842536199096845,0.8511451622238337,0.25631921687721904,-0.6545042715460253,-1.0085048387459215,-0.13347153638748258
-0.459052796966521,1.0928777931989657,0.8695906595787564,1.0852223797257077,0.7960285202748598,-0.11235587014463973,0.3645321827760539,-1.431776936701977,-0.8691847953737734,0.37293399769159385
-0.1438182223775411,0.7832541677298053,0.43417591978226355,0.12330565387465198,2.182486223646236,-0.3371892721987913,-1.0019317908981327,-0.29949622590821723,-1.78557849938831,0.11708826423696521
-0.9882529422644588,0.4544789857678421,2.177378388883968,0.09671187581137008,0.4064834128795965,-0.4027908920199563,-1.437803632307575,-1.2084902737841123,-1.548819185091368,0.9514633000882745
0.2743164530555417,0.07731388513260773,0.4277009697036972,0.7777884588261539,0.23478228877389556,0.9049230076821727,-0.7819176863861892,-1.427246852566596,-0.3810884796671995,-0.28295715471209026
0.260156895463572,1.2155494119153625,1.2038542084327322,1.247407995233598,1.0245664098218707,-0.020708711259865308,-1.4965420833785958,-1.3173722561918284,-0.4511297776146971,-0.35777293003318544
0.38750199272083896,0.6634761182097851,-0.18785422272165786,1.4345903255501087,0.3686776194161972,-0.10119483750097188,-0.5317453930617355,-0.6411992239924669,-1.0168064880241021,-0.49723022518581705
-0.3470234464905345,0.783826358251056,1.0334783220439303,0.7333209191120647,0.1845093199188283,-0.2167274855225983,-1.368159992681005,-1.1088703588879534,-1.201621480161934,0.24477582641117557
0.2000786548814023,-0.4187046217758632,1.3765860610703957,0.5609278317406803,0.4612293620829623,0.8255338821098925,-0.45660824323174554,-1.683503849499541,-1.1584129743888871,-0.2884389547451167
0.19609235615637782,0.12404446633432753,1.7407142408116867,1.387988537993279,1.1069779732783762,0.7530522513856711,-0.8436714187032022,-1.270543261005857,-1.0107161001581781,-0.2925220672649303
-0.4148045368332177,0.26511309968306784,0.3979211253359902,1.4269738417376927,1.8099952132233534,-0.7724126815116663,-0.6834488776683537,-0.38218317009981206,-0.3912049645202952,0.3765939443540205
0.49471096604926057,-0.14524527875110704,0.8911375144189928,0.025590482537287795,0.37037617882920615,0.827595180112466,-0.6649583133872515,-1.4390994136140238,-1.2443606354996635,-0.5805443891353148
-0.7121969416355182,1.1027397692287644,1.5510854127046707,1.2504357756375621,-0.42988021133613474,0.40312555357156293,-0.6488878652272048,-0.7337026469812953,-1.1619080901676622,0.6718126357547253
0.5181048697630037,0.014412712999703148,2.0396311670025193,1.8076710035196644,0.9378464801395321,-0.44568175986021524,-0.6961167892572889,-0.620352630749051,-1.1720159728593846,-0.5721288813783864
0.806932014238042,0.6520283311845854,1.3684007251726367,1.4373958861583476,0.0778952897491072,0.4558837887140767,-0.21882442937832064,-1.1414850708155497,-0.7406187247777203,-0.8456143804216627
0.03677780106100003,1.1591809750644575,1.0888370050816132,0.8589062502425275,1.119605827590481,0.48006299420347465,-0.24668550473223738,-0.26599505628009623,-0.9662582207233088,-0.08029273193154078
0.5929876437665529,0.2979914806292401,0.9382921663355763,1.804049181037831,1.0533602129036315,0.016546160556770547,-1.0282501421973387,-0.3901492303500055,-1.0743200688155992,-0.6045861625690563
-0.27537486037366965,1.3270178171636913,1.260449565348131,1.541080881929707,1.5040480702613412,0.1358882054061137,-0.8554001941664156,-2.079906673378295,-0.8617750724289421,0.1971106446550463
-0.011338498295591975,0.09851557810799139,1.6501958650498478,0.5313654056443734,0.02885508631758671,-0.8621464589122165,-0.39254811299930126,-1.2395119770336127,-0.7549129706181258,0.023533348069444057
-0.4189153056780386,1.7496950603114583,0.5734506036294665,0.7584016652995423,0.5470535780103218,0.3807464077696231,-0.7271625349984575,-1.6060043888476818,-0.11065760903017885,0.29284276407033116
-0.04619294629085807,0.5409971790137967,1.3852220050238535,1.0383703106301312,1.2971071252957578,0.6966301175262393,-1.1227950466794896,-0.7953955582921357,-1.2072952945309021,0.027698977250873568
0.23954017092291763,0.40944396926589466,1.4607474526364235,0.8901995329403107,0.6149087280460613,-0.5607096730042463,-0.4187952138187803,-0.7949265207755034,-0.22301910284690663,-0.3461225320897381
0.10777562751014486,1.1298441474455867,1.9643834784950402,0.8635317332456683,0.6826364333038497,0.16741482163451013,-1.2942335493323145,-1.4501599128928246,-1.7907419158199924,-0.25635224326693595
0.8402355402893308,0.7263169721907294,1.188964320957048,1.1061837862766457,0.9917791665573992,0.9805607556095285,-0.3238099000585046,-0.7195601443779386,-1.48110619123245,-0.8830022648001308
-0.4274101661989409,0.6490551925270605,1.4215939520039893,1.3625697177698606,1.4226441171344217,-0.3362242915549954,-0.579730814107659,-1.0471952841734022,-1.3526580307691562,0.3606658811640546
0.1582621841232596,0.20399910471409638,1.6436127365621886,0.48154922903125363,0.468091151600561,-0.2746210765480078,-0.10688950125479829,-1.231579591689203,-0.8987865559885858,-0.18535151283381224
0.3177400379743475,1.326404257190501,0.632967622296216,1.4025157395842847,0.9260946595067213,-0.2589784291857573,-0.7290907210615154,-1.5108389652657317,-0.5796437056012919,-0.3770295067952809
-0.017123046235454242,1.5096447842556224,0.4482849395495925,0.15121709205997136,-0.1376758177519931,0.8481385301923551,-0.9444352742166335,-2.406997232562368,-0.3567147287181164,-0.018872994665266145
0.24939267262443318,0.7883998896842342,0.418637244894035,0.5631223579865965,0.5478863091113962,-1.0281829171027033,-1.0622509811384522,-1.5187732419964624,-0.9643487933449227,-0.2313629802906799
0.23849245883945658,0.4309892597783319,0.9230522223661489,1.8262832519980052,0.8515185392227073,-0.9852854153669585,-0.005459187013231448,-0.7649171231232141,-1.1714520956502785,-0.11866288754767264
0.22177505864538813,0.35468270338139024,1.5533226762691024,0.7480617879904927,0.7055678264274969,0.2614680720418711,-0.5170067573480086,-0.8402071507573863,-0.28073139279633297,-0.24869620872214554
1.3805183420882878,1.0805808009890174,0.8739252380865387,0.9445029038927588,0.6883557009371385,-0.4855079444982034,-1.3476002141191281,-1.7314523146142462,-0.5031202311843581,-1.4637479407086083
-0.008483484225936169,1.3273927576128908,-0.06921492331358603,1.0907554515977167,0.6935715497094042,0.16212687397249592,-0.3205751442208007,-0.2881929758498222,-0.2319875491061696,-0.12226703372694625
-0.1288198133236269,-0.4161408463129215,0.6915196400518968,0.5328602027016753,1.039892945506153,-0.0066543923094172204,-0.46791212952900374,-0.2843572884267149,-1.469167489836294,0.037291957363502964
-0.1059510394407822,0.5240575308916829,0.6904913570819458,0.2871383063964529,0.7364089133823026,-0.28552536431884085,-0.3662878576655344,-1.0282421198824638,-0.6898620869458207,0.07723830953261548
-0.04820310228304136,1.0909666567337188,1.3583057135494774,0.6883958417991652,0.4269004035434891,0.45903119553237476,-1.3155684928518383,-0.2823903423952755,-1.0681249089169393,-0.0997561237779101
-0.03393597397719564,0.8149384057276917,0.7153032920261979,1.093265767119186,1.124293188964556,-0.8938375903390832,-0.06640166142103754,-0.7235004741986754,-0.1231614569026539,0.007218643135365608
-0.46182048027772143,0.6192783787435437,1.3654430852713375,1.3890274972224308,0.1469765381142475,0.12125462303016772,-0.5165946162421187,-0.3883568336070973,-1.1178714503652247,0.40917620271460015
-1.079514562461062,0.999495991212749,1.3847425182397237,1.3328630733854696,0.10630434189398191,0.3167435516424347,-0.19024320837316205,-0.9227521909747696,-0.4259617751938546,0.9989175572505636
-0.016196071286312414,-0.05578672177054789,1.1175898663502555,0.9382206599961403,0.41386837017629097,-0.32586204113998835,-1.4862743097684827,-0.37505773356304717,-0.7689848695478148,-0.10985873419398402
0.6981412454111288,1.2677650170319492,0.7330737450024765,-0.12095217141661663,0.1447060749894849,-0.13231672945063944,-0.7865171811577225,-1.7193712399573067,-1.0479424179732084,-0.7384159000365932
0.4985619675945659,0.07324663259085651,1.8404976510519826,0.47567139610790504,0.5721541031136697,-0.15292354150112528,-0.06755361083024292,-0.8775613054529159,-0.8216752287652414,-0.47924405365477096
-0.11540954558654566,0.7530292060080659,0.9053212301817409,0.9052379794266994,0.735632084252286,-0.34104224471078964,-0.7056625275275207,-1.553987597274697,-1.1673544677012635,0.020099373547578958
0.5725528621382707,0.3043809157925733,0.2268244194168315,0.1912971715053644,1.3903812765007753,-1.0690375087515405,-0.06575627278205387,-1.504165321466125,-0.8666704668199597,-0.7115971230167464
-0.513663502862119,-0.42608305319513873,1.1980307137398982,1.876890233469725,1.4408781359869778,0.4603160739020344,-1.2402998968243604,-1.1950427112739657,-1.4772467913880054,0.4965681575992875
-0.3358884479014963,1.0754249588871354,1.8186109012097686,1.2043327435748377,0.8778699182769227,-0.4795826143281764,0.15337200015687058,-1.440756462639841,-0.12517780856264715,0.2871115699511778
0.7740491143192506,-0.07228265726894889,1.4810414765937565,0.43454326136758725,0.16936201375289373,-0.05416452421793753,0.3994828431683004,-0.7496708757173134,-1.819876602807506,-0.8619228515520202
0.32904710270842036,1.557482499181949,1.1691707007561571,0.6597732366765444,1.0639882436933763,0.9037318502585533,-1.147239575481538,-1.6219122770238346,-1.10997916287374,-0.34607138935150666
-0.7282071341014145,0.04264037052720171,0.9813419667086831,0.4989943164239992,1.4721234115884128,-0.007069249292003401,-0.2998166394779819,-1.102911702920892,-0.423568846040157,0.6995367104065745
-0.6079112680563883,0.7329616690882753,0.8706530398557434,0.9289077439086251,0.5356521317729385,0.2757798778998961,-0.5996704342606117,0.11408180310003357,-1.0302320624569552,0.5420266095435968
0.09141793307508499,1.0087502591554014,1.0093044034571295,0.7759643568396779,1.424299002499306,0.31408767422376654,-0.6203495026515892,-0.11388112031236086,-0.7847101650774179,-0.24674750582619737
0.24060651930532825,1.2452687634063149,0.5128151351485042,0.5267196152708613,0.8805777843154557,0.14546890476173008,-1.2610062460081777,-0.729671359247312,0.00207130707577452,-0.3062335535756471
-0.056266918922021056,0.5817506852011225,1.680557911429338,1.7832263310122771,1.1172976434224453,-1.1647359882147914,-0.5682939902560088,-1.0033406321260805,-0.2861528330637336,0.02087982203840507
-0.2243987912094671,-0.023956526487563856,1.0719590710692661,1.0189157435987484,0.8322201351832543,1.033156487528305,-1.1680366182507376,-0.4177976007655554,-1.831179347839769,0.14749114767775456
0.22147787246150955,0.045121075840573455,1.8644690246328044,1.417956384273031,0.9891605888527671,0.32289486034432385,0.06845828293145795,-1.1976670595041308,-0.34601696871320586,-0.22531600758769935
-0.27773714643742586,0.8747377035756623,1.9613238728274829,0.5854976946047061,0.38328148372296433,0.7865320540420969,-0.5978351473204424,-0.9954116561646553,-0.8789368938513711,0.2030210811560878
-0.04206316349696692,0.8263024314524494,0.7582922509547577,1.1557211236684515,0.8767694444316568,0.4676157955498638,0.16667848072960578,-0.7325709332397297,-1.1116162926856359,-0.015225898351358333
0.4624146129781173,0.7475467698715466,0.8252668301955548,0.2792729701851976,0.2631066803641914,0.24904001624881983,-0.2847890353494008,-0.6536538251587437,-1.690164493203318,-0.5084538682361984
0.3355906699729313,0.9317060560381132,0.4183616821022995,0.5027316672534119,1.123670439513719,-0.25027436638262207,-0.64854758082866,-1.9128083478149311,-0.5319633521948328,-0.41470213930174016
-0.6917392574124298,0.17216207981755677,0.10857045857242076,0.4202094437255769,0.10277999724570697,-0.3540950682647402,-1.2183706561179624,-0.1015115359156783,-0.9202427895143018,0.6994276262042497
-0.5036884076009128,0.9844319740439798,0.8886280878650679,0.7218076610162769,0.6010781151953348,-0.3070640302419076,-0.5440459701493312,-0.7549702617698326,-2.492358543898881,0.38986519958568083
0.08593038100271547,0.7875812673589389,1.1000485482477367,1.225475251561014,0.8771058656699287,-0.023471234425861354,-1.1831576068373193,-1.5100480711026611,-1.0296950029796934,-0.17445262546263962
-0.2793881083696379,0.5935840443191812,0.3326697716463738,1.7477159641963453,0.0391071790352322,-0.02466548380450568,-1.1869611152885344,-0.6346315809034051,-0.9060626525332658,0.19662383481754342
-0.8829161868895956,0.14687121338704529,0.4961299758044109,1.121823010125108,0.8446344810523254,-0.2603211997771704,0.05678912298829952,-1.1798053608933106,-0.8968202413848028,0.8384676536925791
-0.7555047742586478,0.26564702609976454,0.6384899451373411,1.3489037771375643,0.6308249452343256,-0.49006528943028543,-0.3331411100069347,-0.7806555299423699,-1.244775108546471,0.6210217180715509
0.7353349660939542,1.3446863898992638,1.0204594156890707,1.544777581067223,0.936981099704425,-0.7848659106159105,-0.8900778485096266,-0.7927356242018805,-0.38003096349764354,-0.8177815330117488
-0.08151042668749628,-0.07276090039241156,1.2367734190081938,1.2972449648082176,0.5072786802832225,-0.04439679430819996,-0.6347947587856783,-1.3456658516318873,-0.7890780923938633,0.10908971110363531
-0.23327842889317135,0.357332433561338,0.5163717573044767,0.06787943689850018,0.3432730126915836,-0.6877965559094941,-0.2888971930051215,-1.1184143758674545,-0.7779793266164781,0.22255651352539987
-0.2360494472186532,0.7326922321537115,0.8953357807187822,1.5071719917195794,1.2337272915987303,0.6548294838014815,-0.6876564546213572,0.13201953944785816,-0.507325497008372,0.17310576994629587
0.05590416689208991,0.48060677343938907,1.3520232215180843,1.7606538983302578,0.31361418646108735,0.2801204368138216,-0.7851583254512642,-1.4075832977211111,-0.8201780276080328,-0.15123259397282132
0.1600276562560317,1.3762633460236158,1.4276314125798675,0.8751065242108537,0.8583541868397184,0.5364912114108852,-1.3293989855398487,-1.2390666767605891,-0.40712596064404316,-0.1859945822169328
-0.43734921303031155,1.0064903391435007,1.167882823801312,0.41372711394424344,0.1405456754204451,0.5770939101255903,-0.5294709138185097,-0.529689789467038,-0.36906687638887636,0.35648792753138964
0.2575166587928892,-0.10004715947321363,1.4958061167885033,0.5933418732934143,1.5531547775663643,-0.5588477423281502,-1.0806123479188041,-2.2674666443675053,-0.38694469720267355,-0.2799860751743766
0.008623811544683535,0.7588744440677928,0.7399874257189551,0.15932758665498914,0.5892395692194573,-0.3607884321435255,-0.09349302672206583,-1.5637096109120048,-1.0688704381342151,-0.13595694936982233
-0.08467806685820196,0.4559809737274668,0.06866620119268574,0.7159038599898427,0.8116044432174032,-0.10153727782784576,-1.0253924204676172,-1.4219685558423847,-1.564541081737691,0.029263989043132058
-0.13726134928494618,-0.13544057356460215,0.08073343985317605,0.9933738510402723,0.543286697150771,-0.3714747617619938,-0.17732240195717408,-1.4542743742419333,-0.9690650529284047,0.10845892316070727
0.1466894000906286,0.3312281301628707,1.900473324278328,0.4105568227898344,1.1601886626598046,0.29797198800217906,0.09134856023946147,-1.8728529930878035,0.04218351278769261,-0.17737803393350182
-0.025712041919348824,1.2034836965317663,0.12033150966813777,1.0730662984906756,0.9327254968834481,0.22176313939847211,-0.8432779957517209,-0.24053526076178544,-1.6637677107924294,0.0762671897245484
0.4841186520126714,0.6492680095222401,0.973008322579335,0.7091567192306109,0.11024087724516246,-0.30048654161731697,-0.3793255228786968,-1.2662404259462579,-0.032889678444102954,-0.54257028686628
0.21405899891521124,1.186179239955921,0.8421680731369735,1.4064712454687698,-0.09028838529734529,-0.41339953081215686,-0.04932662663642806,-0.8789413104201507,0.004660158940130166,-0.2643718770349257
-0.663931650294715,0.5471183604980574,0.8932170415725542,0.9442589295495495,0.5507085574769817,-0.013362879102891497,-0.6391147746709678,-1.3537157432056377,-0.7977137329416515,0.651841852818541
0.31902181608185104,-0.16156761366446248,0.652873382123527,0.3439392162576186,0.7407931685672627,-0.1848472529100006,0.2884346195924742,-1.5417727236916186,-1.007229101877388,-0.36891447746294914
-0.1832610525443991,0.4844776329359662,-0.35406347493928403,1.552969019228911,0.07634767739730108,0.3282103759235204,-0.5247626234515219,-0.8756595195011978,-0.36507964361972833,0.15624874100227734
-0.6802938382017885,0.16521844618670073,1.32953487323402,1.2666805340467397,0.38297117804548264,1.68024527186897,-0.8609808641235217,-0.5989643284335506,-0.4993945275032568,0.6762478651441155
-0.31751310960932144,0.5944490593481693,0.6049198449425317,1.2040605232151318,0.7403907466296925,0.35740009346437335,-0.5477015859127379,-1.027302223678601,-1.462048530092665,0.13209762756500992
-0.1641971709897298,-0.08258641721179072,0.13007026562275437,1.0293374099361516,1.1713649611708212,0.5148354713717291,-0.8464376906711506,-1.1930522043870877,-1.2878346796549334,0.168444643323321
-0.20057362944798704,0.7059082919449126,0.23028861380829402,2.284299937637239,1.0986345694848398,0.664923823842774,0.3725711281781927,-0.21138223356665498,-2.036548802618179,0.14047369745127433
0.2722653314325273,0.5384268165401073,1.7955536606120899,0.45894535744440285,0.4186245216240392,-0.5120973601394516,-1.4364124616987273,-0.33559077338691357,-0.9715284938048071,-0.2871000827833813
0.4903312987105143,1.1527726138728518,-0.3266939250290354,0.6551498557721396,1.692952479639152,0.29899095130784303,0.16818305982260218,-0.9458739944465898,-0.7535537954335181,-0.5399380402540555
-1.0383198066724793,0.38206835459300137,0.9042563846266503,0.17479167575216292,0.28100083178738067,0.5100203127896263,-0.08142204080596083,-1.52114232653476,-0.8001675678210467,1.0124791567224403
1.440715459535813,0.2856406938388414,1.1162610838756148,1.9711694367318748,-0.20263152601082202,0.16987090499227112,-0.09889965062533174,-0.008125670966318443,-0.5060363524503985,-1.5724641786857263
0.09151329353069773,0.0592447887074109,1.098423544306287,1.1852392084979133,0.6738884482140259,0.9651891332582149,-1.0281457715940794,-0.9854500209528506,-1.3520390932632016,-0.1865695260299203
0.48889238763604737,0.37644065846688346,1.2222332964486224,0.5326005185928913,0.6614960317825515,-0.10125368391119509,-0.9759687397363415,-0.8246307450182754,-0.6440201289075591,-0.6527902844796345
0.026973380046055147,1.315996054214199,1.945900608582283,0.7082355853320672,0.5646257279593289,0.29712433089398327,-0.4147602005005678,-0.31705563765509004,-1.3000486954512451,-0.07252721765712371
0.4826472618716941,0.6909583342732166,0.8386985604073492,1.0116378478552221,-0.05612497037365094,-0.4384254283005296,-1.6690102111820568,-1.7465899276405623,-1.7824620972764529,-0.49935650431991707
0.2481366598410602,1.5060348477963976,0.9976566624916063,-0.0159663297551359,-0.27489372767606535,-0.09769434727691924,-0.6201567732695233,-1.4321839094004774,-0.5849839633040856,-0.32885780347660376
0.8199802371088201,0.07945434337214574,1.2276933493498237,1.4110916349415357,-0.4105834192616755,0.47451300930950574,-0.6332597674832894,-0.8069469807784256,-1.0144515664865044,-0.8804301485298277
-0.29052957915074445,0.15240255485320886,0.4463307449074959,1.8285949073704164,0.7967877374410666,0.1630428681852684,0.11495263062374339,-1.0563772890552388,-1.1760756443775904,0.21704591916356503
-0.45004967829304215,0.3945456912831323,0.6650895486558147,1.0745437637748192,0.3508749771459839,0.3938872967611282,0.039084102833322976,-0.2622567565502314,-1.840893928095141,0.3189647593736746
0.09389072974188782,1.2064973591346857,0.2995493779166206,0.8014044315262303,0.4678686222296188,0.8092589212606258,0.016574713672995234,-0.2584363868145513,-1.0803712696319103,-0.17030520363998858
-0.3663510579251056,0.20437383039786405,1.595576613402331,0.9914128644064215,0.7364182814605353,0.7200297110682424,-0.6650040787853128,-0.18118974886319728,-0.27835134355933133,0.1837537777269701
-0.24765656233538383,0.8131706509567905,1.0453931270283345,-0.2539026510035127,1.1053756230074214,-0.29896298138181243,-0.18510771412837929,-1.8477364282095117,-0.8852402902989586,0.22408451705219196
0.2765775784316722,1.5607517731145855,1.5529486467444782,0.7048323608599831,0.452410236911351,-0.2508352036332313,-0.13907766511030173,-1.0484403782282044,-1.2202149518290835,-0.45275624450039403
0.657799094477046,1.2253013717500538,2.119417743958988,0.7413025499310459,0.2742938345694031,0.4747621226715477,-0.84807406095189,-0.8660706542326444,-1.4732015889148742,-0.6968127219212752
-0.38428919204483075,0.7352126001736153,1.4287601665186969,1.126201173929452,0.8786661530546784,-0.5768296117501654,0.3289247803872759,-0.7517464719721276,-1.5415583736945613,0.400902358065166
0.28908598920092693,-0.6998100056660328,0.8825715306322824,1.177053155957424,-0.5013115319433757,0.15508274230020594,-0.9028841852965019,-1.0206328578912962,-1.6803564470565158,-0.38860879298603357
-0.2781284249145635,0.6287559854579203,0.4575202234040705,0.37514045975691523,0.08996863756407458,-0.5586208571328272,-1.2846291604073499,-0.7023195746351997,-1.4553589772639255,0.2271054022783388
0.6337772490503389,0.36942158801119684,0.8209035786083818,1.6365646722806027,0.00829667617569152,-0.04452589537809866,-0.6675115278656272,-0.31894772543537964,-0.17730547051658274,-0.6751554825148913
0.21929762642191153,1.1216708077776096,0.9328880132377365,1.0820862829999818,0.2805906347820256,-0.09582031752316493,-0.88078305650516,-1.5458045568966816,-1.1837627863219191,-0.19015982948750115
-0.10057403494918088,1.0947075377792752,1.6309699844868364,0.8728152528456932,0.8971405383612351,0.10627959159656387,0.10917752025403304,-1.048650851641599,0.06064899572729043,-0.01145835409877706
-0.10396823119006841,0.49287050756001227,0.867436623756189,0.46413701224933357,0.1674202674181171,-0.15060765955910718,-1.0265328202317823,-0.8949000265407946,-1.4740815113433543,0.056163235493051675
0.037404237961382085,0.4378768182435522,0.6396267358903154,1.0302749306209382,-0.03447241916416477,-0.09341600524939739,-0.5884896288568235,-0.7423106864653226,-1.0384057579419295,-0.13975392607214832
0.15619072365307385,1.6053063227980582,0.24364287006374274,1.487896664889362,0.3972193465362476,0.19680192750801287,-0.20885146836236074,-1.792315276460609,-0.8092313940581924,-0.2350625470188336
0.6147273552359153,0.048620524256407616,1.4397539575831235,1.114037726317732,0.7283006050882715,-0.7125866222132166,-0.9375327365912831,-1.7373185051813664,-0.6468193735647962,-0.5970364153189608
-0.27519709289646144,0.41657021526701726,1.189525457771324,0.5147347271608069,0.9367611759664903,0.38804056198821835,-0.8607690588515187,-1.466186816577757,-0.8770483983800524,0.2759909396431693
-0.211288994633517,0.6341627729488478,0.8569514740101755,-0.05257643040991278,0.38985240271060095,-0.23717742608109454,-0.323547566417425,-1.2054239434029363,-1.7060871596405756,0.06427198118058375
0.16362443003943744,0.5070164431114326,0.06384499602252902,0.7214371837353042,0.7296807501326185,0.7970785307979251,-0.23094324187015058,-1.450946559255172,-0.6732123354564699,-0.2458536510180419
0.062167656353579,0.9522559818658791,1.096629845622516,1.0743943924636614,0.1588815520051588,0.07002374144470726,-0.923319952003691,-0.8533036699254379,-0.5194520353035789,-0.1617953708315979
-0.6535438229379865,0.538007312871051,1.5312755765901442,1.1178941657583348,0.713845925293786,-0.581767920805658,-0.11944029047980459,-1.0960584152535209,-1.0988010507255757,0.5369122580677218
0.14986480823553183,0.3211856894947243,1.328570770720529,1.2074874343472637,0.7929425847034266,0.2837294566178348,-0.9333081266340864,-1.3195646395859553,-0.7175693723589609,-0.2854289712538921
0.16796829320741255,0.2689207440508285,0.5669194395697306,0.9890168295010877,0.16889281770261122,0.0962206138820812,-0.1331662255387125,-0.655023430235487,-0.8664974817655376,-0.19246821340525327
-0.1188227642402598,0.8818010992669709,0.9642820004308752,0.22230188051662925,1.2993478089607389,0.21393052119552397,-0.548802497208802,-0.3275613102034194,-0.225469490840285,0.009671400843448683
0.32315166690816455,0.7117051835799585,0.15352924737825513,1.4977726277296686,0.23825443926602624,0.9790325693679944,-0.5061595988474971,-0.55051694029787,-1.4078302093992938,-0.42659436675139406
0.7171194521083909,0.2662154935421019,0.769689660290578,0.7006343421874937,-0.31343095248478414,0.5802951557209148,-0.4374500117979292,-0.8093009914536922,-1.3348519102642125,-0.770674122711399
0.07495339015651777,1.473925484346383,1.754832763459264,1.067269178734143,1.1181527312267803,0.38446903693050666,-1.1631525872981507,-1.4632775475089894,-1.6581426847554699,-0.1478691767867284
-0.2559613696379638,0.24116901026101656,0.8062373132091037,1.317739407786358,1.1843702758646293,-0.33378038790180714,-0.4636926207335504,-1.423724146555881,-1.3208386306570932,0.2028046709713553
0.07493345048988702,1.2029115705689573,0.5963904971364061,0.9102139223374242,1.1967238351327287,-0.17178149004145646,-0.9115003988294392,-0.9498084690034067,-1.2550740472906474,-0.14532228011379442
0.6852434345561297,0.29995265564085893,0.7183918397407332,1.0113360246307341,1.4507483006790038,-0.45437897036590036,-0.31360092743723295,-0.7873368312274007,-0.9932502636090684,-0.8426608580132752
0.5464744861917643,0.6331515675659137,0.4521308360895131,-0.16863858278184307,0.4989858198036312,-0.1385140508548972,0.0013018157200735958,-1.125742049232141,-0.7558184249031474,-0.5935991058765642
-0.0013874623497038953,0.6460311423064752,2.0723874105150104,0.8140726540327472,0.07850878914453319,1.1035614059186942,-1.0680487561651166,-0.290577691937686,-1.3142653898437875,0.029737237920812704
-0.24388836363787006,0.6156783168765209,1.0069411702235107,0.5106363150261836,1.9935542113583171,0.04113727989376066,-0.3238418479572975,-1.4962379605178846,-0.497571229725621,0.18024955389932157
0.8237537784719638,0.04745818639212751,0.24381229816023053,1.402452293864646,0.03874551408461846,-0.5921093220512283,-0.44177090847323575,-0.3687117776901766,-0.9738172939920643,-0.9121249461497217
0.2577605456353376,-0.17415268326416844,1.57652178877297,0.8079246273803178,0.3280799657402398,-0.3005056273794578,-0.9811061355089752,-1.6754868320926564,-0.7471174753735697,-0.42818644183808535
-0.5804932340963069,1.2145373283508334,1.0633975568728995,0.6869697100483516,0.8616788888866539,-0.33657470367256015,-0.1490831506264284,-1.3971836162944993,-1.0479552002380284,0.5481233878630754
-1.0391855555586724,0.7542782490320743,0.31751689552384565,1.839890054575641,1.292842674613346,-0.433591051866381,-0.760710555273215,-0.3979297170520183,-2.0689887349389755,0.9428045036847489
-0.41543617965327223,-0.21085511641299148,1.2818455561947117,0.8091058164565864,0.9695263683019598,0.7405620526897043,0.23689599254125426,-0.8479690135281194,-0.9979165746717275,0.3061938795478475
0.12491642728805967,0.6390136144222598,0.592813722572269,0.5376157669075693,1.0745246239199482,-0.5593217444966996,-0.4852033139043827,0.07753529751040478,-0.35665762635998044,-0.22135616121296164
-0.05356028872705417,1.2257728722577816,0.3357490344841654,0.8198687598897766,0.025018565836205986,0.7797426775520367,-0.8400476891137716,-0.8155459474798751,-1.069147654086935,-0.06329946371157213
-0.018254095275749838,0.9199317678769457,1.0733258002520556,1.2813756814505501,0.11319157246061462,-1.2467829567332371,-0.6366489965619522,0.15352637742883968,-1.179950308646832,0.002058027345940898
0.13932190916517775,0.2809706954212132,1.5317116354969436,1.1955034788463568,0.4814869572953009,-0.30193878091481147,-0.8876809258140977,-1.7842281612680142,-1.6065533483760222,-0.21610821837855138
-0.40109884102234833,1.263317190557474,0.4598927542557582,-0.9701818459140925,-0.06523124339087205,-1.1082621772530683,0.4919065122060523,-0.7640515419180269,-1.3564753904919242,0.36344435805585285
0.03408713833219933,0.3386040603961442,1.2085939818800864,1.3270634765848541,0.4520944320081056,-0.7476410092265315,0.47001443251610187,-0.5668649548416252,-1.3766393705269198,-0.06815546957873633
-0.2704013771077387,0.5378209129839876,0.9943768068207645,0.5964138524963105,1.0761995912335147,-0.13427397273106637,-6.578928485045932e-5,-0.6101475839165263,-0.554914002746315,0.2527373295711032
-0.08697643100837116,-0.024136976149448652,1.668909788525744,1.7651301414721403,0.777123035258594,-0.15532605195371044,0.12959274334597315,-1.2243054601198653,-0.9992485700704922,-0.005324540580867093
0.2070136502105203,0.33151957947108573,0.4124412018231731,0.8760068233581333,0.21004923780684204,-0.1739235248798455,0.10583224356628274,-1.2003940773874582,-0.9397672559045809,-0.3295388244625578
0.0420664277576303,0.6858754023245092,1.8410611662410383,1.958199453398065,0.8993661458935951,-0.03789713422475215,-0.5998999777046004,-0.48792001086582903,-0.898106510127292,-0.07324113876544977
-0.36345633209699596,0.6138818555827357,0.5637764718980374,1.0431268204618958,1.1710989422519724,0.32627797613907794,-0.7962352038971717,-0.5098042887004111,-0.8419870721679323,0.2342270794815547
0.7076522421961455,0.9374911619586725,1.252555675039423,1.8512903080502996,0.23856658711762013,0.008435114582156289,-1.838912614633751,-1.3120666108594734,-0.5766205231086625,-0.6701053314392091
0.37590267682084694,0.7010671913090166,-0.26495271349927185,0.6677124960777611,1.292140984813934,0.8665213564297226,-0.28974989056193434,-1.0343523316838685,-1.387730416338264,-0.4453985588949141
0.4042256350873289,1.051234243171979,0.7561894099763239,0.4982861341279593,0.6223699172132108,0.07302311316069424,-1.015850260038187,-1.135891580306451,-0.5456615125073645,-0.3928787955934002
-0.20871321463293488,0.7521665655805316,0.8140111674803406,0.3505775020567057,0.6712657140552919,0.18618398570056993,-0.9664404973717896,-0.38701877646969285,-1.581153115524469,0.1329144082394674
0.8179043900702384,1.4850879148645122,1.1095407988221206,0.5476363607599346,1.9894075969068723,0.47622491535076145,-1.1217268454633658,0.165980521652071,-1.239891245104847,-0.9312476402920546
0.15456770665517902,1.089388944170614,2.1635237130181384,0.25224635743805834,1.1722160516388334,-0.2189726084169105,-1.260953915744353,-1.1937510456038503,-0.7728618178628828,-0.1917500797681165
0.5230714539230349,0.09749819260440323,0.4135232484261807,0.44418298219557606,1.140449105843787,-0.21531222469300726,-0.8705168200654875,-0.9093111152581271,-0.5539443803314186,-0.579675399556913
-0.17008526164193466,-0.37599776216775005,0.3049371480649212,0.5746103884263651,0.982597644057385,-0.19927703076251152,-0.5613924238089222,-1.1672171011705887,-0.34058355080919733,0.16411728749171484
-0.12990075824003203,0.3967135380820552,1.3318639665097265,1.1475487223810175,0.18443117166710654,-0.01361018088358282,-0.5619639897987196,-0.7536511620076467,-1.0014111928217342,0.09099041488147554
0.16197706550317134,-0.23160947601571058,0.7391610816029626,2.283616904725651,0.6833035553337135,0.22470410457629536,-0.9152478071951663,-0.9510330189619884,-1.722017814722291,-0.16865647229735675
-0.1706293337464226,0.6168389040521906,1.1493851161498283,0.5978392159885633,0.7965768417816824,-0.2178859099090686,-0.27669375949296837,-0.6314585254492187,-1.722961735085581,0.16881248225474196
0.19549899027114448,2.1157243236931054,1.8993712439119355,1.5467847169822169,0.4359468291053627,0.010785945878451515,-0.11430921138340483,-1.158964324527528,-0.6436238911203721,-0.17413380065835754
0.020454325778516053,0.2966601365289587,0.18968944867690796,1.256795683014773,0.26456944618937794,0.5941311924629412,-0.9048182651763184,-1.3642083470062718,-1.043780197532846,-0.10673863539766486
0.04477435568827025,-0.3765814023447518,0.6009491927646089,0.2822113799095669,0.5641523695766104,0.31545284443236576,0.23864750536169455,-1.0196651750790326,-0.6640695077137919,-0.0628333542017088
-0.11956903312156732,0.16074882954432407,1.7723263104058424,1.492478120041822,0.19540317015279468,0.48597142153290124,-1.0037952211471124,-0.8852977998167586,-0.75816137639839,0.1145204512530302
-0.8021420689769437,1.0935295294594987,1.1358611501495042,2.4872660581964094,1.1751571884161516,-0.13050912273870163,-0.6277127400354059,-1.862190295392028,-0.5799597327188768,0.7624185034073727
-0.5353558019895699,0.8302465869811436,0.8191780850982884,1.889133184417688,0.8596149452331365,-1.192486979783943,-1.0265654041516759,-0.6385643623134869,-0.9122157080073212,0.3768510113454893
0.1729862099380957,0.49029976056162217,2.0327420475088314,0.9977587068289582,0.6530449234229193,0.13881012596891956,-0.3503118355347436,-1.5152886667764618,-0.6884859411019012,-0.28070599680555386
0.287454459165997,0.5740666540122463,0.39156191631222026,1.1622134421731463,1.2102637359041502,-0.1471208922345664,-0.8672855132547626,-0.02545255776261568,-0.6645370983869074,-0.39743857365829327
0.07729684129390352,0.22946446924693004,0.6948460698898776,0.6794072771885546,0.7781978800903968,0.5238673873737698,-0.19615593604491705,-0.9068428010811315,-1.1044991344142077,-0.1543748458877997
0.32716845488946855,-0.09734969845203123,1.6661936761667775,0.8942887876012173,0.8494275373855408,0.08012747069948944,0.2237996079685458,-0.7501061904011546,-0.2814108428937865,-0.47771215931268496
-0.5643248629418015,0.705680594098543,1.5202795950622456,1.7322979890391474,1.001221966283034,0.4270384962922358,-0.6513324386476018,-1.6642883550781877,-0.5050739520126493,0.6191461783033326
0.12003500510792028,0.5873112221606839,0.8596142261008795,0.921668651661364,0.5302532099212122,-0.5572768256598118,-0.728787183215673,-1.1170621902846802,-1.6299475855774972,-0.16759623248614258
-0.03122376491508011,1.1691989391699478,1.293227811832148,1.519391986679896,0.2535177999594843,0.5035286374884568,-0.4067040376543119,-0.17889184865205177,-1.1513614633206934,-0.12115845054669092
0.045792891108537195,0.896036772130232,1.0598901453112757,0.8472501885484633,0.3131407407040834,0.6445038167390803,0.45845625862919126,-0.940553349082272,-1.3012690165151017,-0.11868079545346283
0.7638194185204571,0.6956182853278977,0.9258287948345976,0.3270767432089209,0.7189683730717322,-0.24182672609909062,-1.5124308310986958,-1.1558676360625575,-0.06237481658863686,-0.7956512507524662
0.43793384729527707,0.7041443449626239,1.1957497411447269,0.90216277350104,1.15408080302015,0.3088654350872952,-0.9498869366573157,-0.37628568053644207,-0.8955158485249942,-0.44390900758791707
1.0416681134542487,1.167942768136375,1.5328012286238533,1.0292635310964278,0.593804070259029,-0.7458491910270659,-0.34126978312866296,-1.825676382374208,-0.7935068283530382,-1.1399117695178733
-0.07521166051555497,0.20738344509154666,1.4187008960245024,1.0071315332267667,1.500196984512551,0.5303706139396196,-0.2965407850579129,-1.3152643433118616,-1.5263597832107862,0.002895618313252385
0.584077755829506,2.0535057261191643,1.249804141614502,0.43380973038233017,0.5588598474443583,-0.8811656548284953,-0.339743973094042,-0.9761187027770986,-0.7523342924024894,-0.6044390250971653
0.7121190384613701,1.2337443540338022,1.4918047059664639,0.13138196631355215,0.6646119232869986,0.3683859611459158,-1.15628158359479,-0.020222160326756167,-0.5213314745193529,-0.8390804231000839
0.24786098067092197,1.6404804427573967,0.08023460283254058,0.6837984463549691,0.056192974270682816,-0.01958321229542036,-0.7207833128690659,0.21912004616878844,-1.884814633281209,-0.31281450158184687
-0.35581887547179536,1.2441880774605383,1.0292224862509873,1.3016147410315555,-0.32939641988266777,-1.456123262905585,-1.2356421685541021,-1.5766526446220523,-0.8034494124271835,0.28179928528426595
-0.05369022490127742,-0.0602080336126003,0.32108224286583253,0.9248960296539475,0.4178123327015365,-0.030099831758882232,-0.22776743980075875,-0.589263403673912,-0.7865378285793482,0.040133488748290654
0.33776927498523895,0.09001965596916478,1.3985791512364172,1.644477490342418,0.3175132951574653,0.0008688057264477553,-0.28932182851652954,-0.6303539065534411,-0.006059854899833739,-0.4320074117651131
-0.2191312327471633,0.011967148606910727,1.5975222575391075,1.201805043546035,-0.32440421595502633,0.6196470513685003,-0.8441769972242827,-0.7552521467647338,-1.370338032073366,0.18751168165350493
0.08396805868617623,0.5069759263711835,1.068525149143856,1.4471783498687043,0.7235759278200762,-1.227365652919259,0.1633140741373479,-1.547430370094532,-0.55438058798288,-0.1370732084962668
-0.3143313350922742,1.340892638401672,0.6385790609650719,0.827493336028857,-0.19266165713670091,-0.7012661405406266,-1.1099631660240594,-0.608295929470936,-1.4754930443983054,0.2226956071596011
0.12396053673092548,1.2079857591030776,0.7670917197129505,0.9272570826013323,0.36018565635279876,0.5925361118349014,-1.2438881731027704,-1.1111845487916443,-0.6916312124249386,-0.22720509429041202
-0.29930121347680044,0.4013591143061095,0.4212600649517386,0.5954563671516293,0.42683594473290826,-0.11871551330291773,-0.33077918791293404,-0.5231799756377108,-1.5522079396648754,0.17352091915787934
-0.73748535353735,0.00603064716966073,1.0096919648095424,1.7242496171527473,1.1286846121318783,-0.12946983985554258,-0.8667473836862231,-1.084879771382934,-0.6868527156793514,0.6750619444203187
1.141819975707458,0.6332838438062983,0.5530078163373313,1.5495741312675115,0.20462546976532853,-0.6512417461338378,-0.28710559516714845,0.4851331952949042,-0.3645186566001255,-1.218319418781834
0.02054631223269949,0.20085672780306213,0.15091173872347863,0.8588679653392683,0.009860332491139157,-0.2131323767211035,0.14645438575856995,-1.634675388909649,-0.5285652962044866,-0.06152729021456513
0.07077289903344326,0.30692803082587194,1.6408665578500803,1.3531118667373998,0.4493894926862567,-0.2384097138659409,-0.5536825215529604,-0.6875466730206918,-1.422980145025008,-0.14932977717288026
-0.11256096838870017,0.6633389686416662,1.437835216981497,0.602755945877882,1.4639524234949541,0.12622270355404358,-1.3203103829370777,-0.9640513353672301,-0.7911445239243657,0.03824036316716263
-0.34427398195208625,1.3440556116676954,0.7997083635949794,0.7866613439142099,1.5675086446627509,1.1886508853500666,-0.9176050993405503,-0.7324259400877479,-1.341689842885401,0.31645269225128697
0.22465574231309096,0.23938799973359004,0.23950123099807608,1.3600937291210444,0.9618915077765593,-0.41499594008542784,-0.2614728329828927,-1.1107942906080281,-1.6341083235633853,-0.2818126941565571
0.3582493355632272,0.42283743535737106,1.3146695988732764,1.5171568247791938,1.11250443922577,0.03413446130809926,-1.686203904105374,-0.9708373541214319,-0.8101312702708432,-0.48778390118905945
-0.352400324432982,0.414278595094302,0.41987231464127006,0.8104403656004623,0.6343562502819925,0.44504971821923894,-0.3915280626645945,-1.296003780350428,-1.1448536913846725,0.177052901132725
-0.1852325812295054,0.670405410201397,0.1480612199225122,0.20842141696893168,1.1808848387498814,0.2336197838236923,-0.5755337821229075,-1.2110493385789853,-0.049670791732108865,0.23019876722666477
0.46246509202086233,0.6630513976860941,0.8965836777122042,0.3292262477997743,0.6253693577954228,1.6783114865900202,-1.0934045817050362,-1.469159766811781,-1.3500656401569306,-0.48749463090161027
0.21378767302786106,0.587453274067532,0.9841968175978372,1.0480574931412843,1.07978376332131,-0.12450798020705922,-0.11607515635996474,-1.4793831096901688,-1.8244739278533157,-0.27757165499018416
0.9346474819339203,0.35548592876439716,1.1920500987304483,1.5077789472017467,0.5360495102444564,-0.7688061174217762,-0.2040118112640686,-1.4817069439453543,-1.150495351725273,-1.0623602091443414
0.13963365248759338,0.3539552590262287,0.5947308884757202,0.09789646141736275,-0.47808759293011216,0.2978136678098354,0.6303239993507473,-0.6380386050873212,-0.8036348443075434,-0.1653354414907087
0.08148854525624698,1.1837465913146104,0.590424557946661,1.2326926839955268,1.3700484213479769,0.170698575301287,-0.4715415934120514,-0.46214242554293367,-0.7492206397634081,-0.047422517346981434
-0.11808471272001525,1.2750950686071247,1.2628543217848311,0.8602729589917503,0.9150469491200364,-0.5382288589033407,-0.4855273653920565,-0.5759510990218055,-0.7089457388172871,0.028288350343284543
-0.4040546924795074,0.36333073005739075,1.4497750729882823,-0.24683016357465593,-0.00860871826930476,-0.7456024112818364,-0.4822862132227832,-1.0264640283257123,-1.4611866619430751,0.31738117232176466
0.3656674868307612,0.2722173139182908,-0.01482095736242639,1.4831606111057813,-0.10149784589697286,1.0297971406005868,-0.04388615783367478,-0.8431848549179001,-1.286338033649828,-0.34581499064017723
0.7448804724958072,0.8031579351691667,1.7356762342209542,0.37116865874328997,1.170760048355941,0.15173775062872116,-1.430118594141948,-2.0528486840377393,-0.8992782374018919,-0.8200949018009162
0.13135790057188912,0.3214288593541001,0.7210445580103763,-0.07310680851602713,0.801862874148878,0.1403647388864922,-0.8047253905009588,-1.4963384091482355,-1.0811349167028104,-0.14742377044821933
0.14075105794624368,1.1824454570139546,1.5229353273786332,2.0148326766541826,-0.13245281184476188,-0.16946522601511058,-0.92444381896086,-1.2004997016574745,-1.3529753320652973,-0.12224219547113988
1.026926987400571,0.9732487089805696,0.6540163652639666,1.956312457791679,-0.20162452592761915,-0.22993198122454925,-0.5280749010733892,-1.2797470177691805,-0.41761938996451375,-1.142762344201978
0.2946938914063934,0.14193310022190841,1.4297188012018434,1.9474202456277756,1.2538106245558578,0.7478118226515902,-1.569423180758187,-0.2697716379522266,-1.0534929465434635,-0.3961577571725909
0.2361526243817954,0.8784839630573097,0.7694323041763902,0.6935365900235527,0.3771538703343993,-0.21340884329142049,-1.500982863947143,-1.4837269629207237,-1.5672397633389457,-0.27603106131188937
0.9954264786022323,0.7147549341693175,1.1919067853158947,0.8558425920903882,0.7594749003657453,0.05080830258593188,-1.607532657840033,-0.8866005920892136,-1.298031105847154,-1.0874443270626457
0.10852525304275937,0.4574825884795584,0.5179252650093014,1.3487258574175298,0.909787399384453,0.3931867322095156,-0.3320210454330105,-1.3637488225553733,-0.5448559198800758,-0.1816903278665395
-0.3178622417022285,-0.20483748539975566,1.5046972001247405,0.8944712386501482,0.22590932318704654,0.2146768222879687,-1.025334034034856,-0.8143683295210211,-0.3739810201298549,0.255254221538037
-0.37664889172046795,0.17867558263726474,1.0853859963058456,1.5415258939607632,0.3615820549936123,0.4007887614134378,-0.532639848593415,-0.9791051432148798,-1.2186173237637408,0.23879206264331615
-0.3766332970063948,-0.8628544416898547,1.0011212718460984,0.6556513102275893,0.6399336298834243,-0.3414796546028554,-1.402594171859447,-1.1384624546554594,-0.42217984966828015,0.31295362219794465
0.1378678539083007,0.6946120619202498,1.4305463872751392,0.6762335187194011,-0.38123826954792295,0.2699746739769201,-0.5902682652973145,-0.5492749354414539,-0.9323521613924011,-0.20612421726884964
0.08347440930552048,-0.008300994940036222,0.4835560599063045,1.3653390239441667,0.9071086490806466,0.004685855491016879,-0.888276036244851,-1.6965582109555863,-0.6116155680629012,-0.22499497979094457
-0.012401081229049529,1.1611066719769,1.1444885407435181,-0.038462991784969036,0.8909086136201259,-0.5515045665413073,-0.9528632310393004,-0.7653529252223955,-1.3042842175837572,0.07018340410014914
-0.843149209656076,1.188254736431214,0.1330116717434049,1.8104765956411022,0.42572925528805505,-1.3103613701956056,-1.4144295117287033,-0.7242629585635203,-1.3189845794355,0.775196231046417
-0.7453013192214383,-0.2758174150863192,1.3292486053472303,1.4375002439837812,0.7065791181047283,-0.4971515312668787,0.5482131119563526,-1.4334666895607784,-0.5553120476154445,0.6453519246928768
-0.0934741462411354,-1.1596756707572544,1.2426768630684892,0.9085208108486764,1.219834529900967,-0.5520433537890937,-0.8882483585395186,-0.81008543958441,-1.218681567990683,0.06602644920535419
0.007464309474754195,-0.4310995643404316,0.7639259784542503,0.6728042744958076,0.4310293490041589,0.5950960787136812,-0.8336116534702088,-1.1752733590864246,-1.1785193128982736,-0.06125591400487411
-0.21932637587178777,1.1666104881928296,1.380449867480679,0.8715779560408039,-0.134199248982786,-0.6584590753805879,0.07433527970630849,-1.4230789114772384,-1.1522113634366362,0.21994762054750588
-0.16547967956646997,1.1359510884606108,1.6330156104572722,1.3431347652640124,0.36326161073049384,-0.08439357624018862,-0.755817054814029,-0.5253034987554196,-0.45300959045943545,0.13358389657816314
-0.2775378447758567,0.39320190443562,0.19976957233684856,0.9127475522320337,0.12568851647110618,-1.4371514497519395,-0.9145563356168684,0.18391269047780356,-1.0994215080699699,0.2588179734653223
-1.2173904939348092,0.5729305850139822,1.4647054040140972,-0.191979887975543,0.4860193231374527,0.1574738503232018,-0.5068008350524342,-1.605859559630344,-0.4730556637416396,1.0992539176723282
-0.7204924803883301,0.5784086327705853,0.33392211710833797,0.7881463652517264,-0.04462810162688102,0.39580049715814597,-0.06196430758180871,-0.7213935813629571,-1.954925314009382,0.6184091969842395
-0.35105057617997487,-0.5126957506520717,1.2099409134797543,0.7220894338252504,-0.49936008630811146,0.23835413934433455,-0.689528570300938,-1.784881154811868,-1.8513897133839077,0.3232229779353057
0.18862213212205345,0.48174139620466694,0.5374435831447391,0.6060197772080338,0.53630392412893,0.01292922171584129,-0.3844925305107548,-1.2798610108350361,-0.9664493471615849,-0.1679429940606183
0.365013119251291,1.227112869098232,1.782890322267663,0.4657739721749978,0.923412195191307,-0.7713811361522479,-0.6322289317653682,-1.1161689128302705,-0.45884540840249016,-0.3689974491871307
-0.2305178118613839,0.9425557666008709,0.3519572617036809,1.7749026065755027,0.2097319290079862,0.2864231923124001,-0.29413352536577997,-1.0755806468028752,-1.627273733789233,0.22170813326111438
0.038654427364119864,0.05429727480019653,1.6370576148155993,1.1763651233867898,-0.3308108831576908,-0.2661368171872782,-0.9475300181344182,-1.6479289228138572,-1.0643293913035856,-0.1312228188807121
0.3438214686640249,0.2090325426795246,0.9618960459511839,0.20307865724051954,0.46024728880240917,-0.5501409483850093,-1.3528310400801313,-0.8988700120215868,-1.6170083329918334,-0.42019833488457325
-0.28967686491643957,-0.3201364065612591,0.8250994462679859,-0.11479793280692929,0.4838026875942555,0.2821672856016417,-1.3233810169023945,-0.18825343174965192,0.0007870408604643275,0.22445609719285464
-0.7002187707231966,0.08716246649228077,0.42159747674762305,1.1109146570747872,0.22464172378007724,-0.16328059269355077,-0.44088275604896987,-0.4611885625573556,-1.005946382052579,0.6024745397473897
-0.2224889674744907,1.1803868309645034,0.7880037377590126,1.1953406091946948,1.2939462929042145,-1.1291183789645305,-0.5955092480094768,-1.411193077085837,-2.0482756501061257,0.12420582594243909
-0.03905246883480682,0.9287810194859926,0.6602060472773654,0.7244161266651604,1.1687263672366606,0.0681933379928338,-0.5089386509591883,-0.5939034244929748,-1.1624772454342949,-0.027003821015331296
0.9747168549367188,0.9179813034905528,0.9188461293318821,0.4124566655295534,0.4629760141675272,-0.10181843066139361,-0.32289571883574897,-1.0357911619285411,-1.2127208101352047,-1.0409178356960334
0.024448176375027823,0.421629755416265,1.9422625060630787,1.7335916889785847,-0.1547496842228644,0.26317345852684043,0.44149175590431133,-0.14267023902266607,-0.5310487828378371,0.0017093596877963933
-0.7992632037548578,0.3146948831401783,1.217620173296453,0.3650744640346266,0.9486219212436151,0.31242339834441757,-1.5155120767429058,-1.2763788216123646,-1.1547471215778142,0.6729857280299397
-0.2366431859200232,0.2447955731031935,0.5490268412261482,1.49994875520242,-0.08514849991964013,0.10955433037290213,-0.7141635018443881,-0.713342355892384,-0.818145996720786,0.09784180464407255
-0.15911736415753644,0.13023589484884962,1.2748496772796036,0.7114677187813195,0.4987585325621328,-0.01217851368419622,-0.33457894673059935,-1.1959056073829661,-0.4284501598494056,0.06736505749247539
-0.4093239062975508,0.5492657846977883,1.0141825265252142,0.7590537378424068,0.5087277008187605,0.7713019238396499,-0.2171871534692238,-1.2254876505492818,-0.7367038953694427,0.25855219688238884
-0.39521638971964707,0.04070614243757631,0.2610764415245439,1.38426288786841,0.42073166483153224,0.9656060346381687,-0.6953186022141906,-0.4842404060414964,-1.2176208888265754,0.32679656235574006
-0.1373300015722291,0.1528867981923911,1.2424247081240605,1.2748855365772618,0.4085604313965749,0.3676474391286973,-0.5582451374356737,-1.576729983380452,-0.4511520053007509,0.018157693170942735
0.5639855118788888,-0.08543931019880668,0.2832057645959484,0.9223770889765132,-0.3716881173325687,-0.7823133174677782,-0.227943615583854,-1.211826794829876,-0.9257317172930661,-0.6481948138417277
-0.18883271254053371,0.7427313014083654,1.4769774134290734,0.9536744824337882,1.54125732544474,0.13337732338205938,-1.0308736179688998,-0.9973087506403594,-0.6144499888735405,0.07101797887594259
-0.9623644459900625,0.54593804663979,1.5093408048464867,1.4185238650950716,0.014073629835180124,-0.4327501801377495,-1.2533796363570722,-1.8222848980822994,-1.2498317873949092,0.9480469346681027
-0.3256840609969072,1.175645602430151,1.141971876937564,0.8984761103167916,-0.05076311717784976,0.024712724543724005,-1.5713363582124122,-1.2995737381896864,-1.3286757495759574,0.2552922205648589
0.16442654282705185,1.2180317882228757,0.4076977393689649,0.6470334029102247,1.2546427143038286,0.03533393948115961,-1.5000247063850094,-0.28767380165868683,-0.706003250429559,-0.24477621223822205
0.3121565807470487,0.9648282860255266,1.4860269839717466,0.7920237844912239,0.22570761397302064,-0.10220084893958513,-1.1075999103534628,-1.632097363199223,-0.9910459087482183,-0.3480629148049658
-0.2898777432665029,0.7800421564373425,1.334504400495294,0.5942057621550513,1.0324796649247003,0.30228252081506046,-1.405353341879282,-0.27875456865483084,-0.6947840615427092,0.29316512423345525
0.05778976103521223,0.5564646295077507,0.4270724837889409,0.4497593992056984,0.9286050252587632,-0.3691603915025735,-0.5629108243476326,-0.7719048859129429,-0.06959918364595463,-0.10839790293010476
-0.23636591836488188,0.7521297785809058,1.2333332706793674,0.5450566549306626,0.05814155561927614,-0.2566734220938192,1.4858371827197958,-0.44016090626327864,-0.9525711907021599,0.1793292243706731
0.03991444821890047,0.0022268735414372465,1.0925172038576314,1.262306077506205,0.8019028036160597,-1.0061813914333888,0.09567637401729812,-1.0248971754877325,-1.434683512777483,-0.0086723669598253
0.32322202547255385,0.025335764265288607,0.36500606193414353,0.7077682597203796,1.4883285096126162,0.7698484513875069,-1.7997294787901712,-0.6672562274868608,-0.11563498405458739,-0.38120404389442564
0.046089410681818876,0.47191025846805196,1.1797142800533675,0.6248967275273509,0.5109762114996446,0.18061296169567667,-0.5047110922902984,-1.5392180849215866,-0.091351156900916,-0.16064891314110213
-0.5269817906632456,0.36350077616303633,1.2031003137975422,1.0974339501615253,0.835016601365112,-0.06918408518029236,-1.0876752905476774,-0.9324508759636336,-0.7981027866631725,0.4648304446210662
0.6960029520340935,0.06249107983917768,0.6775759359829414,0.6362721159825147,0.4606190619353675,-0.9338296417280649,0.29901718519855425,-1.4370858873091623,-0.8645220378565971,-0.7937685387042682
-0.16786080951000518,0.6416835854293599,1.0082370176952358,1.2281971632710502,0.6254223714792172,-0.31372864379074045,-0.44034042371061116,-1.2068613162455906,-1.2366398943139103,0.10230018565209094
0.05568889847418284,0.6247762705408428,1.3137842877420733,1.722817245750113,1.2204973103704093,-0.2853043411218,0.16475987730741026,-1.5023451582143363,-0.7154058187732844,-0.16759834909326346
0.6619711541163933,0.8595120982107538,1.2256289841409278,0.21195521150727137,1.3192591810671177,-1.3278303554139153,-0.4401130783375333,-0.5882865097777181,-0.5948535247891423,-0.6194512529144856
0.1739108001672695,1.4731152085742254,1.3059387180934834,0.7802627855732642,-0.32309869703510363,-0.25117098452502973,-0.13914734735381007,-0.17325444425127723,-0.8605603754576371,-0.2987284821977447
0.19823994331347786,0.8931733951580857,0.3799948848911405,0.8012904030733001,1.0213559295887729,-0.01804669856136482,-0.1045198235297708,-1.2004842856486904,-1.5260679366607157,-0.29320899449096205
-0.8141968504079528,0.11487854546351373,1.112437404790159,1.3403843314348676,0.6180853087695782,-0.8735247673048979,-1.6176816307774042,-0.5543364066892335,-1.1365786629004488,0.7885465453103848
-0.10727485892839952,0.6728948540985911,1.014265298144351,1.150715263681219,0.7885345445533471,0.3550050435222987,-1.002375017176015,-1.119180908887311,-1.4039253517204706,0.09217332201641572
0.3036575103904404,-0.4224099240974195,2.019235130047286,1.348265541503478,0.2705071209462938,-0.9573194522181676,-0.333601451446182,-0.6297107154024093,-1.1186021225189124,-0.4211943516970099
0.13954950826101292,0.213926326686378,1.2394258146078476,1.2423102215858153,-0.5939449567942813,0.6130971430430384,-0.9280279995318712,-0.6459986279208144,-1.5501107584405884,-0.15562353314365035
0.2883806447891011,0.2507015922650649,1.5340271523550837,1.01679049804749,-0.05611612003556776,-0.20959443015818532,-0.6139819992553185,-0.408838743174059,-0.11859405754857677,-0.2867246529904616
-0.14111147852848208,0.22380787315502615,2.044122418076005,0.668109756595592,0.4740754119067215,0.5440405333535242,-0.7361881954048103,-0.6566180867885469,-1.4751352965332978,0.01779151918985311
-0.49485419686103593,0.6439099275951334,0.9176180542944555,1.5985292498323513,0.20291956645115333,0.2743432850869367,-0.6283736241118255,-1.0379008622054524,-0.651169432336952,0.37748460778044923
-0.12807251854288462,0.28748438466730836,0.5586006978384868,0.8627812546512511,0.8239761066093485,-0.37498777667508215,0.05913193997342536,-1.0990629609811542,0.11398064331674718,0.07861590862203247
0.6431090455904035,-0.6785895776751314,1.2171800940759976,1.6075612256378977,0.28107040015708196,-0.5938201566622644,-0.9170713742218587,-1.9826795004740272,-1.2820979164201478,-0.7476533947407191
-0.12140500491584563,0.9416909483364613,1.279101875708355,0.5670925091831023,1.7394255127162497,-0.9955750671985918,0.11066212216903415,-1.3422619906264701,-0.949259274193583,0.04085076932323953
-0.08830239803052302,1.0896544947504623,0.629221643169285,1.0854076055622146,0.2282094123408071,0.37575022858274976,-0.028866250426545337,-1.3867826393929563,-0.4549977752943978,-0.006919911348276048
0.3458520581647882,0.09262428723286442,1.399048122421617,1.5029574044353324,0.24885512860441011,0.8803136361207013,0.10063759785340187,-0.42831738511809947,-0.4523586646035266,-0.35021189093740734
-0.26810940556347557,0.2782575274853597,2.484008326225525,0.9196095900223475,0.9017949956784108,-0.8437333341646936,-1.1853467916082576,0.11216825560072252,-0.5322430165284865,0.1316444022313554
-0.2114253658239587,0.8317809135280909,0.7403149178879858,0.8715069454269208,0.4079138150540166,0.4588666143982345,-0.7337294815155938,-1.4280075195161928,-1.378220714903642,0.17019125468312504
0.688254107906468,0.525200632299776,0.5767546773159896,1.3753469341101172,-0.018008648618808354,0.14609667125567907,-0.5140233908427718,-0.8829021200574432,-1.2589557231840425,-0.6830590817501799
-0.9695827124449202,0.058108670840403276,1.4119499574669885,0.6101652582452475,0.677540894284183,0.2451821709141394,0.10220677701926917,-0.43991410815806353,-0.9665127896375542,1.0188836182383874
0.15768208153167096,0.7978237136457866,1.9560636645692657,0.8983182452139997,0.28366807015663514,-0.6007247975274663,-1.0003612270721165,-0.657647617748609,-0.44047217889698764,-0.2678528272391342
-0.9604564450187466,0.19514178375397834,1.054739293180366,0.6509704661669752,0.9088463435302906,0.6136624600651178,0.31063769144054076,-1.4912895889073692,-0.9846480418646518,0.8750567505432391
0.506322853522116,1.2296737068882246,1.3604074630205067,0.8710576667513604,1.1684976146123778,-0.44001840897316513,0.1356833577671609,-0.8621808294862916,-1.561138134743817,-0.5485581287955438
-0.19945159853327618,0.42357366867027446,1.0168259729779034,0.5801952444231239,0.5500203117597742,0.5815616648920675,-0.6189250559091742,-1.0210246534114877,-0.4331479703212856,0.1354160109907115
-0.07646449005736006,0.5387836139951947,0.8623017493078052,1.23370510206258,0.22345904101446934,0.7477002914788127,-0.0758897793478126,0.16290031196201682,-0.5767335301103605,0.05134904250538326
-0.5710623745543592,0.6687945235104359,1.4032121016458654,1.0387762833197083,-0.4719336867252414,-0.5037687620853397,-0.0056010966429022035,0.08615809635683969,-0.515405504470885,0.5049761549969162
-0.023197045939674855,0.4972688695144484,0.842728320194815,0.09935527369773933,0.7535024409458415,-0.359238104061258,0.07673161250606853,-0.6985520857451892,-1.5861081556577603,-0.026972552674480368
0.9232886804107602,0.47302829067143454,1.0336495186817445,0.5256159396359208,1.136739890869624,0.02912575944078065,0.7342919145860235,-0.877966306348879,-1.3454842990994575,-0.991757218127252
-0.34671341769501063,-0.20638512446261092,0.6614394161236739,1.19850990517896,0.6080269423388456,0.18665574640278224,-0.5459234027333433,-1.9581540743588972,-0.8196098820381296,0.3410109072231685
0.09527503309187561,-0.1999351253383599,1.268370995332285,0.4178087105773364,1.145361849333527,0.35602729561630936,-0.11373048848609729,-0.9164830800982884,-1.2405413168803694,-0.14327475770447862
-0.2336552515410836,0.1558289028990273,1.1386482891023202,0.9675340951158758,-0.32801269520853393,0.18229115122880543,-0.17730318159209596,-1.5896628491892608,-0.019964461634584207,0.08100267554171164
0.16110057127744695,-0.14785998648499032,1.4213710396537842,1.2271672588447233,0.039030080168812264,0.06363551133428533,0.28535700104540485,-1.206644332399963,-1.394005281585337,-0.20850106078854796
-1.100280352375992,0.4219882347693371,0.6670972845901921,0.5333621958768311,0.5766048317037381,0.40196657340976777,-0.16576198810811144,-0.9604228744330793,-0.7245917142777546,1.0581477779272288
0.25860687086021045,1.2100782665426364,1.1655330074908734,1.5098446556202672,1.5130469368422026,0.11794086566446127,-0.9149455091488592,-2.2232694501570145,-0.6253317071514344,-0.3040705264908549
0.7050816717107491,0.25782861844451294,0.5299400270085042,0.7714893374204261,0.20072974305976748,-0.4875796827571516,-0.7192912583501954,-1.1036955734524578,-0.7200849616906244,-0.7915127806912265
-0.49037607762206387,1.0290998502185884,0.32140457531502253,1.2889713585225226,0.6283942231189841,-0.2631465662223484,-0.577584704367621,-0.9048661903070482,-0.25392864183321395,0.4073770844144786
0.3503110734074132,1.1069615849861572,-0.028964901810803356,0.4674873108699867,0.5619120454236193,0.8048846060553518,-0.49233032485823036,-1.1176856923629492,-0.9821938074945776,-0.3799926112036084
0.10520136870322215,1.3742214496052219,1.4967422167565194,0.818454962373431,1.3633996951038059,0.1930335671702754,-0.539755568949681,-0.8394606935083364,-1.2019927139612419,-0.10377039143278348
0.13147811648222998,0.11091517009467594,1.2562025778837458,0.523252578507482,-0.20348300190823254,0.7839872690745595,-0.5518612497077166,-1.2182499169608327,-0.9134855595045174,-0.165433255845271
-0.09676677647424786,0.17353039304371393,1.7773077242202608,0.9488532867675891,1.7861656778950503,-0.8167132155968212,-1.2230749739779245,-0.9743955529909298,-0.5044995512620518,0.07447127973347886
-0.20698730588707553,0.35071901268028777,0.6442134808086951,0.06493030675512523,1.7057081426988274,0.27075270255025385,-0.47065196224112227,-0.14679028156715523,-1.3684597378338101,0.17374536325827178
0.782192197870583,0.9924207570601106,1.4071894953594488,0.7785892803078707,0.4332915442637838,-0.32933151870845806,-1.3417007378522037,-1.0517726338475397,-1.4629493038782053,-0.893619357587536
-0.34545215264746015,0.4673473806175279,0.995143825005805,0.26618750457614704,0.4604001468156193,0.38249676323613424,-1.5347701759121108,-0.960519791620853,-1.1817712721276976,0.2705948494271384
-0.07443161249522806,1.3311094370113756,0.8804661435734648,0.9518988575853563,1.081116984917938,-0.03307153707051673,-1.1245317449878443,-1.8242101323475846,-0.383635212968753,0.03893877493336216
0.4006744535015529,0.7065308003879837,1.4377328166748389,1.3388769338706563,0.44821586115313394,0.19340806995705148,-0.1308012578714674,-0.21029566123867838,-1.75203591817949,-0.33848845069254324
-0.7271025757533958,0.08874494382496723,0.5857012043615037,0.7847575782135825,0.0919920085721243,-0.009247012479835387,-0.4709232837806914,-1.2242369092691943,-0.39738037905432944,0.6897183962263582
0.15417988626576315,0.15746305345209338,0.8454010376081322,0.9976156834786994,0.6934972146295441,-0.08132870657570755,-0.25901333152403927,-0.9685490436745492,-0.9216195675938369,-0.16422127833837005
0.10559964455454182,0.7199126543722596,1.8562627807163201,0.8213166296300906,0.7150884455972777,0.14235910848680822,-0.4777724867357177,-0.7570914265749586,-2.0548056457702377,-0.20698292044068672
1.1122043417739216,1.800787702843537,1.1119541683160683,2.1162691031128746,0.38527758030466164,-0.8134512035583255,-0.9921169632738471,-0.936396474081151,-0.6012354936841433,-1.1845576414476182
0.18067904014832661,1.1574126560372586,1.3809995761035592,1.4661059260350595,0.20079472727395503,0.35538828667965366,0.12535359598374574,-1.6241509075866563,-0.6278955468124119,-0.2776466226790285
-0.15306592332005195,0.23098269400855548,1.1289891972229622,1.4660179886844933,-0.28545316805914545,-0.9409158594259471,-0.1530254039862292,-0.75078899899261,-0.9419512474143608,0.05031353480596737
-0.5640656332858397,0.4834140850526908,0.6934521549939368,1.3326701012094462,0.10789904548491352,0.1530583265113521,-0.43479350815971063,-2.0653807871136367,-1.1959910198981563,0.4362582153995326
0.2747415006330737,0.024965438325080913,0.6565433494796885,0.8619122651376183,-0.34116417046422487,-0.29196137494157004,-0.030787295594976505,0.4811595884019645,-1.4131095796111401,-0.2672916752994527
0.7434087553887556,0.3513701028193802,0.9159760964155439,0.8881484823284059,0.9846993559026285,-0.234794435134206,-1.093665339452221,-0.28334155172117725,-0.9422774090979266,-0.7895237693930626
-0.05367652833160748,0.2386256694521755,0.2527783724429322,0.5470500402070027,-0.16845864488740236,0.9079218236698935,-1.2132101286915629,-1.4491670255993334,0.08647575247890016,0.05695208298573873
-0.19642430313419879,1.0383711619601048,0.8676203861697411,-0.31917346971735117,0.30975160947372876,-0.8092290853053484,0.3789699689659495,-0.8850146929629986,-0.11661186300937465,0.08919786333941983
-0.12903979050960307,1.0879183512273107,1.4553879775510832,0.5202231565219648,0.3560873800491778,1.1306821488668661,-0.7152415929927513,-0.8333629905931709,-0.8815258210937338,0.10758576448289792
-0.45206240524784314,0.7745232687077107,1.427539913970997,0.8905047897124523,0.8290810983623463,0.3713930908161985,-0.18800025744120774,-1.112599140756442,-0.25034590573319526,0.311539778011508
0.47522270555713053,0.5736746932242017,1.2915434598464797,-0.19308828463238892,0.6842801859571511,0.3527755253491456,-1.0307054016916608,-1.2167076224098499,-1.224997661732612,-0.45112283675760945
0.28020428655279817,0.4375725594708343,1.2222353062500546,1.8360112725039683,0.4807277611085649,-0.4077566571956679,0.2997223899546896,-0.9185945002045519,-0.9571309298179403,-0.3957443228523372
-0.13461572763527224,0.6476829682234473,0.5349872151121824,0.5075126840252572,0.46826171137450273,-0.45538853623794256,-0.7067863484249877,-0.9731012450181663,-0.7218892134625863,0.026383920216827214
-0.8302388596548416,0.798880468300253,1.3392565873132178,0.9948013794197118,0.22032802005123253,0.040936985661287784,-0.647064264193337,-0.4890806842395797,-1.165870825251442,0.6571321435904649
0.4129278230798502,0.49147965967288043,1.105502721478752,1.1113422984622527,0.6171195810216031,0.18290757916830677,-0.9679798712824619,-0.9231672579684063,-0.7070457528602208,-0.44172442271117474
-0.33287011548365975,0.3506900179498944,1.254014921300135,1.23099212431011,0.2636092974205434,-0.48130195744087134,-0.42146972898150364,-1.2545748298560722,-1.1144172132519876,0.20016415017459913
-0.1098289458311669,0.3477898185045521,1.912148934795007,1.6001189976845593,0.9335372265280236,0.47852284828892183,-0.4433971597554599,-1.4423721178628537,-0.8626989592409675,0.12443794950112445
0.3959603948046955,0.6458694517409105,0.7523957931350114,1.0609791571797267,0.16791737334718382,-0.6133357344909587,0.4768399528602941,-0.7896506648437731,-0.4801000637979349,-0.3415583735184367
0.6293928256711742,0.017155362137573738,1.4782994223451023,0.45338640934292646,0.886535515530313,-0.226655634240603,-0.8240611636340689,-1.4365569220568133,-1.8070070275068326,-0.7169481650775168
0.28055469817887335,-0.05465733121181304,0.9108377416182305,0.0807228341424312,0.6753415290538847,1.200939710013275,-0.8541252030539525,-0.37624285295020476,-1.4655381823593046,-0.3448302582464652
0.8202611475839333,-0.5393377690058281,1.8647681515389234,1.268193289262381,0.2257978198883263,-0.05670281781697787,0.3007006960947428,-1.0756384801457635,-1.5714597500774334,-0.8429643982106563
-0.19217681792994606,0.5171658053396535,1.6747859065209645,0.5716502352712904,0.13732575995840512,0.18762909984546586,-0.521014002821601,-1.093741738520792,-0.6596349861300851,0.0664260682261957
0.10175372794402798,0.06940523894444484,0.6036955819078437,1.7151714382615797,0.35479601702687213,0.20345464284476153,-0.5600401187905636,-0.5980162982750024,-1.213314739441486,-0.2521233700793495
0.5007726000021089,1.1499321284927597,0.8676949417130396,1.7443457855765958,0.07678607570868001,0.49497778943747434,0.08934475762157423,-1.3544531664048807,-1.667711470733786,-0.5970125122092836
-0.20034028550103822,0.7077744681776812,0.3937400091031412,1.0900869915061697,0.7488291322984586,0.19295169106312274,-1.3774856938656228,0.37737378423364987,-1.1460886346124641,0.13211522754683952
0.7316289843365207,1.3753423213950073,1.329940533078425,0.41761294474920285,0.025666667957159328,0.41326814595927247,0.42210048774989917,-0.5427414622760771,-1.3485563814152535,-0.7757789462790037
-0.8302497313873032,0.16074786686121878,1.4431460004889558,1.6837251291228919,-0.26266851002582214,0.4579747485616789,-0.7612220378653028,-1.280499347575488,-2.4322495706547183,0.832383702935092
0.8773983915878101,0.28353580427933434,0.055020724954027544,0.3449298348876355,0.7240946217632838,0.261524593954822,-0.20520594101695677,-0.2653874683559966,-1.0725442219009809,-0.8886112990086835
0.27606497160955734,-0.19529258402683802,1.0575771857469565,0.05920642146589861,0.5170362197413285,-0.41512213314183805,-0.4310816751961216,-0.8637825858213807,-1.482574286782988,-0.3476099385235248
0.5608477248858209,1.0937727476976329,0.4681160863459907,0.699026362859059,0.9530718529948302,0.24797042099652292,-0.6151955059606943,-1.2707531527193112,-0.9728382961322998,-0.6778329648904344
-0.4743587330368928,0.3090150806120223,0.2514814115835683,1.1697480423712834,0.660880400871961,0.3892379572286326,-0.3190711263918525,-1.1859325325895982,-0.9550381476603851,0.3857305766468368
-0.12683720909218055,0.9707049487069177,1.5029680681094297,0.9914593921376489,0.7415672434221728,0.41012279065754875,-1.09738361052763,-1.3484604447416628,-0.944821969934095,0.08298508553033979
-0.29591203686815803,0.8633045970485904,0.4899930628480661,0.6457266923156268,0.15271930953511637,0.15611227563520963,-0.4517981610417132,-1.6661245629928485,-1.097921707738086,0.24637615038468674
-0.32140303118617614,-0.3492080415182828,1.239799491271266,0.8920181237026453,0.050315620442052844,0.1288799631537488,0.2963892560058409,-0.9853066121094021,-2.2412318391962263,0.3502983840875461
0.7775672468447511,0.6176600498046615,1.7428256873756696,1.3427042325004952,0.8786041517757819,0.9102430094449763,-1.241636520850124,-1.3825105062913479,-0.9647624938714608,-0.8761726672863632
0.17338520850691352,1.5112809592748278,1.360992031442715,1.2326685312099026,0.05922198239280596,0.1830878182180098,-0.6470003630949244,-1.361863262381421,-0.43102880883777506,-0.16903329253898108
0.1945509809926462,0.2849860257844879,0.6339766263155113,0.6029768491003069,0.811247367814012,0.0744012191816535,-1.350556943507957,-0.954702777845979,-1.1714334961159498,-0.21742139850291842
1.0377779332195973,0.5434297522538977,0.5624049500040883,0.3873642259408292,1.228849410802964,-0.48154222333997504,0.13062095954736308,-0.9895565970349514,-1.980626689642191,-1.1140274759981477
0.10445455858322965,0.6572400745975371,0.8135441212573633,1.9118775494651237,0.1940028837106021,-0.12741693659974837,0.168320972112057,-0.3914635334161076,-1.0364668151228897,-0.11228510980272303
-0.18209962476488925,-0.2780036558901332,1.4411277699634901,0.9565855589706779,1.6565191848793308,0.028517116047293838,-1.482299454098774,0.26448519140124793,-2.0012496606118217,0.14632051476070873
0.7745482158269371,0.8354615785806914,0.6764931223545264,1.1812488859603263,0.5995379819325131,-0.09965998142543728,-0.8591203756766473,-0.6165869134388391,0.15777284808447622,-0.8036897549458445
-0.15975513318848805,0.1639047589878767,1.4835290754232906,0.3673843969879502,-0.7504234404426143,0.7265550046972924,-0.9803557554493725,-0.5268175737091421,-1.7736975654453875,-0.014441958853202486
0.8499752327056835,0.47054712491963846,1.1600719918672822,0.14919277125574315,0.5651888684776717,-0.2250631304509124,-0.1719530304259998,-0.7911868028720825,-0.8948167966186102,-1.0355173123296302
1.0484282025434213,0.46763647496880223,1.5738769216147646,0.2725349504509478,1.591088576102356,0.3147481907528958,0.4016885364986458,-0.7027463114457517,-0.9619256161249552,-1.035141186861686
0.49013575436916407,-0.4885318309023152,1.2486052486103634,0.7361490105033586,-0.3667957802271522,0.769553282138379,-0.7500002929472169,-0.36453827243116066,-0.5457182909991337,-0.4861313477757984
-0.30521883968636615,0.6346082684725107,0.5723267215761021,0.7145734561693786,1.1982403734215235,-0.5133376526840218,-0.38685161864777884,-0.3949186538458639,-0.37034793313608694,0.23972874358313012
0.7072310088156774,0.36558905740185194,1.477394045980462,0.002649374326059495,0.439847670096649,-0.24611414254637437,-0.4972987332939104,-0.4721129975119661,-0.7030120558120019,-0.7389137782300556
0.039709860527308544,0.33209648341039955,1.405041582442902,1.2455680227714199,0.9409658495029537,-0.026859985502486996,-0.8540249887441983,-0.2437439309140358,-0.5520102778835156,-0.1472983143875904
0.6705890119695955,0.261646033425829,0.5920263476193903,1.2893575167917009,0.5699866074614265,0.039050209511068225,-1.1646224242262913,-1.5387946807730404,-0.9018207040064363,-0.759278789009049
0.6651043699364724,0.8985963061410047,0.9475558747483409,1.4399851290938386,-0.004747480609390009,-0.8025274657545277,-0.2525786411110599,-0.2458116465026896,-1.7678283155820347,-0.7036387721845232
-0.14243191276867015,0.8863192605040725,0.6748167778577985,0.9438191559357253,0.5317769261112782,-0.14223029289456668,-1.3308065393545596,-1.1944661852198697,-1.4047473729538,0.18090120228407788
0.24201211968545933,-0.30890071714271083,0.9108306995167624,0.3596589303069647,0.8611665541897794,-0.0180157254685887,-1.274362291254,-0.5447886366262593,-1.783539918080327,-0.31801690187456105
0.6490793253695967,0.45345014959908597,1.1150398870850031,1.383556662633077,0.4091235050896739,0.614371208017974,-1.4449193293317946,-1.2918521019562696,-0.8460177195609239,-0.6213247280707777
0.22784883127338296,-0.0012393720060056568,0.8791642322477503,0.7620633102017655,1.3502831251354703,-0.8540149909988602,-0.41196951746737687,-0.9351489441591928,-0.7052367752826981,-0.33741134944481455
0.21699256770886474,1.3979566815049778,0.43961873465397994,0.4053770781098365,0.9989331136258209,-0.19793885613932855,-2.090165596897369,-0.3349566777628763,-0.5462592361929528,-0.2815357835637401
0.06045618050084809,0.5905698344122927,0.14623971483749532,0.7766674817600823,0.6371179406519467,-0.07868250058070429,-0.7539810948568292,-0.32266735628690824,-0.7881699252544089,-0.10370232023113729
0.15573884120216536,0.09183914380766317,1.2909181969094323,1.0912937400493816,0.8254896937456798,-0.1469170511492913,-0.08642535742578505,-0.3623954245238553,-0.8724828647643033,-0.22853559163706455
-0.44434724185551566,-0.4569523793578967,1.3482526293665473,1.0370943491935614,0.9213515841558593,-0.06166857316019648,-0.7413566151736389,-1.3943933375186541,-1.5969967490917858,0.4527480918433528
0.37088325304125414,1.3582833024891343,0.38826442637377434,-0.06855123054129697,0.4080635875761392,0.6202489998753206,-0.7554697363311005,-0.5509456189018487,-1.5269552539734672,-0.4641297981510959
-0.5811294923614932,0.7617439557225715,1.223312688691553,0.44890526776199013,1.2897396343083671,-0.37220595081070207,-0.15985373345143683,-0.5778229492347191,-0.4401083882307618,0.5537432153367972
-0.3178016781534579,0.39396874911707713,1.0852337570165904,0.8566577620578926,0.8933192888086559,-0.40034378856719416,-1.1148054175905413,-1.3675647599265779,-0.15094212916297067,0.27176050583794614
-0.3205499102261304,1.0553953233070765,1.4585029454468625,-0.35817932863877133,0.4682478332856199,0.5848734023129523,-1.294344508350341,-0.9973038493666944,-1.1566675699467568,0.34467860064055234
0.4350198874780557,0.3345350175667742,1.6279502725563393,-0.14634788890610184,-0.03867555114575594,0.16540263870641247,-0.2771522711296388,-0.8950326341994446,-1.6582395301358668,-0.452097758682021
-0.6366431814037333,1.5101172670326934,0.3114377500734927,1.3357432830543758,0.7920249409434232,0.3706770775979946,-0.9146099239411813,0.022315599847483214,-0.49826822274487587,0.535044205559208
-0.867096923863014,0.4933571611325733,0.9057032177148846,0.10170667618533169,1.3178444028271685,0.4091127917410495,-0.4508436705835938,-0.33157915186355935,-0.3295245312438164,0.8821991637263148
-0.403931081553687,0.3672687575158357,0.4389825546954904,0.6997763374884969,-0.006997128811836784,0.4809496034331944,-1.0615262862036183,-1.6328604116439447,-1.0256945807569178,0.393949922961662
-0.01368355019733857,1.6903757619753903,1.1250956127785672,0.6207184566791937,-0.44587102613377294,-0.6217085596058541,-1.0478187277113604,-1.304615327766729,-1.544952798791379,-0.03812445707897546
0.11696932631488806,0.4737091726624591,0.6427566093520649,0.50592604252374,0.27818783941573627,0.2060975254578367,-1.6239670308572185,-0.3800126408115475,-1.2016093967363917,-0.26384989754240545
0.560147816059464,0.2883139064051152,1.1541192907105116,1.0439497042597254,-0.35752718632664926,0.289071938986589,-1.5424695530817578,-0.5093611332578734,-1.2968157790296213,-0.521326682848664
0.06791183325768588,2.3353828284714195,1.1083903364140426,1.3172722148036755,0.41201553208141173,0.6676191067450944,-0.6295632496711119,-0.8693914884542777,-0.4926386597404607,-0.10292604516884638
0.04097656423251892,1.1377661990510546,0.6541840925063809,1.3666574116597958,0.26713374400232637,0.022621247029020908,-0.3624255216763316,-0.6666823844786101,-0.5286797238785497,-0.10212108946116068
-0.182752048048627,0.4122195870246401,1.1277499872408496,1.104691636601403,0.6362307902909786,0.3437633424695732,-0.28828558544816246,-1.5494433211701497,-0.08774734465558631,0.0717848286021919
-0.09461404535806908,1.053304112444804,1.805394281041623,1.4472966961574376,1.3899857760457313,0.16082127860023582,-0.5530939196175815,-1.0298961092492815,-0.19070819042768494,0.02990358265774036
0.5236555963515285,0.7407807407922928,0.06256162297133738,0.3484084270380282,0.547079318515823,-1.2062249324350718,-0.9683706716175863,-1.352235616308266,-1.316125118278559,-0.603244179131985
0.28635927166798714,0.43908292814598104,0.4106508006465919,0.8651667510572738,0.7393833208115393,0.13136064108810028,0.1430275450667956,-1.4721583100214575,-1.3267855703702411,-0.36529347440148885
0.006686726219975483,0.33874330282176557,1.4258805011859381,1.2882725711969425,0.4932663558276512,1.0274216379226329,-1.08364316613835,-0.17990343700268052,-1.88774975441589,-0.15069524399848566
-0.9989323618345181,0.011761846892358263,1.2590364317106322,0.9081587894563897,0.28947973710794156,-0.3069836947626215,-1.0231016288067534,-0.7894299694859823,-1.363368061148976,0.988417520670148
0.45122346386140166,0.42982135068187965,1.1776037100701255,0.7346501920345871,1.194539924525866,-0.32168979092726857,0.8471712546172351,-0.22811672049648435,-0.5003313288765066,-0.4633271540559084
0.08517787564344337,0.41578237049547223,0.6639100495972305,0.7708033818854596,1.526619280450312,-0.1457229573727325,-0.9186695389154025,-1.491804144622888,-0.4281643502175162,-0.21644991618228246
-0.7294092628258527,0.9576231874593925,0.09978578369588764,0.25641076428054566,0.6249300804067917,-0.4107888861972368,0.10072656308222172,-0.7989465235242383,-0.794204970780676,0.6591493958578398
0.18341722213316952,0.857830413123327,2.3827968679210847,1.4434665937092181,0.43588576625978637,-0.5274911548035259,-0.3388365425240011,-0.6471091565767554,-2.0981734895037425,-0.26232708903466034
0.20338485557893893,0.46121755131890363,-0.17448467288513891,-0.1272559662698649,-0.5378905755704758,0.2347570250358489,-0.33826994148688927,-1.5393330965731158,-0.6948845722473704,-0.2472958104717163
-0.2691904219519114,1.5480896717279031,1.7732539061785273,0.32450919044752846,0.1454167154597676,0.3033893761361275,-0.4271799058489677,-0.9558385452823388,0.2845819498015405,0.2732976398098079
0.4688956755194631,1.9653383418710664,1.3899351191928495,0.3703814064258417,0.0760564093964261,0.21658240451618158,-1.5256833533924499,-0.9376100389107092,-0.29370210760092097,-0.5414099241283703
-0.37683645191118254,-0.10435956124400236,1.2869756658762272,0.40845725689257295,-0.05276843564833533,-0.15099132746033733,-0.8018983586821717,-1.8775701034900565,-0.31631545331513433,0.36431013239987525
0.7438920300959144,0.4259491824822087,0.552364752588238,0.5787199866992337,0.12289529165791241,0.10885614502259494,-0.9297244387630914,-1.2893043158805548,-1.1220342783108588,-0.7380605803206541
0.49652533504099167,1.1673622414609792,0.9949873082037552,0.9160892863402541,0.16377144471206445,0.21654531078007055,-1.159952374459504,-1.302300796243285,-1.2453288239725921,-0.5862094454566191
-0.4724655493370508,0.5383875213053451,0.5431200705357053,1.2397141032010692,0.5227656527998897,-0.1747940194240582,-1.1953504114461895,-1.6286427400239223,-1.7270044421910118,0.38777750526326316
-0.8200030930201548,0.7037137551449076,0.5858098496818662,0.5609608395809875,0.5969782251368126,0.6113491879004815,-1.4513612870986377,-1.0336056553060653,-1.708361535941844,0.6817240460647045
0.004086520682944387,0.327459611922398,0.5229332847645902,0.33571153146818156,0.6762441420512826,-0.09946458755203563,-0.9576017481825336,-0.18264507909567618,-0.9216653372625074,-0.04406038506013851
0.6680333099409833,-0.1765630693112631,2.1046307370785744,1.2169079845808541,0.7292737266263654,-0.8073095796252978,-0.9511573953575929,-0.7880638550300951,-1.0365364669344526,-0.7245962437652747
0.49665917490726474,1.5361074472211633,0.6366362807792438,0.9571281435548755,0.93065057914879,-0.412997798232196,-0.2161297680519964,-2.11398746001341,-1.8258029618397456,-0.5740625620468855
-0.15185527182642802,0.5776009818087426,1.1222296785963635,1.4043722807705816,0.6097221081879346,1.1779756461062545,-0.6354786717498612,-1.4881496017083808,-0.9380316936523301,0.10072192870085009
-0.10085335301414027,0.24077632877565464,0.6329506912533537,1.2337241217529131,0.7359714766518567,-0.1185077978249201,-1.0349754037245664,0.07529884830523514,-1.1506022778070975,0.10424519053508215
-0.7240581821734379,0.4000168569076611,0.6837455501350878,0.49206886816627954,0.7449684149200456,-0.4942635164865777,-0.42036779635587895,-1.1587864723626506,-1.5756634128512301,0.681722330545841
1.419220507200093,0.5348268549184968,-0.049249410752835066,1.7877430109567565,0.6398923974057614,-0.5933008967486734,-1.2455071098985995,-1.9239414969815636,-0.5866144732918898,-1.4998694915160848
-0.16328259594684028,1.5446511379151997,1.2644213076500022,1.3713996269211783,0.011070949071773528,0.09348737688229139,-0.5520221444406808,-0.6814369238695781,-1.5468326973742805,0.10594645381406886
-0.3915131780903971,1.120905700293917,0.8207834793486561,1.0835572544915766,-0.046695342512070415,-0.4155297528187143,-0.29717924854388017,-2.088110244037733,-1.3414726537917951,0.33706052245856927
-0.41310286370964705,0.6214447256227549,-0.2619958953326823,1.329346105619003,0.19295755940978515,-0.02865295479176669,-0.4713747743147053,-0.3621421816663646,-1.0177599585378665,0.3640344709880035
1.2422088594269474,0.7164134905899513,1.4824702958890636,1.0572902856894826,0.5766849196328057,-0.4137813912532788,-1.017589729911927,-0.6290720401821157,-1.6101354185117094,-1.2024934559024298
0.0983206882436366,0.3673085679459218,1.5934464994264754,1.1404261842091739,1.522681286103544,0.25018535978319245,-0.4163696461364713,-0.6413524480269893,-0.850158987102112,-0.1374556933605928
-0.6194419267827983,-0.09079599525772053,1.253430793667923,-0.21617938820793148,0.6624915138358468,-0.2559673631619618,-0.9935727666034548,-1.0856901046066907,-0.7878011849274638,0.5804753100808691
-0.011692456128345127,0.7074401997839598,1.6668850411928007,1.5162326308237688,0.5762483038868346,0.39381014594900415,-1.0093001744351566,-1.396237041772077,-0.95259481420215,3.712820031049474e-5
-0.9987290990656359,0.4593510685829022,1.1033135987645533,0.5185870636962113,0.9121574252004605,-0.21756849208160814,0.20334076746299923,-0.8023972184989895,-0.3770475120470592,1.000368890307514
-0.06434626349215972,-0.15702130361355382,1.1399948656709529,0.8141752416816732,0.6056834186681197,0.11560455794049361,-0.6104601889261756,-0.6541740261558804,-0.6624081555515129,0.08016398519935158
0.18214270229434842,0.5766544935862267,1.3149694276911739,-0.29789559276172617,-0.11277371286734006,0.6727420943408049,-0.4639247375871449,-1.1895964790785853,-0.25630118149011794,-0.21521169627642261
-0.23006719542405157,0.8670196733235029,0.24261651970183506,0.8247225396553498,1.0280908904476573,0.762930392599731,-1.0980068330420567,-1.1740912631196854,-1.9224594092128244,0.20396189222302408
0.3574270968250793,0.2843549012114908,1.4070174519746688,0.9041547359979198,0.4344966477507566,0.09504143361848888,-0.8924586601467106,-1.6686369974214132,-1.0009629830510234,-0.497804069822985
0.047587950598250287,-0.11679324118929713,0.8098180991570483,1.856111129947851,0.8006981637445716,-1.2781588287787489,-0.7077303798841503,-1.1521708289945864,-0.5600011057255763,-0.1251769080007984
-0.07975276573209222,0.680844951405252,1.027245112952739,0.595203666115327,0.22347633938191003,0.5508106027991613,-0.916336603601358,-1.1739043768320943,-1.2757730421850617,0.010305895064001813
-0.6980805500920565,0.14537926307679844,1.0399326445267691,0.704511158399487,0.9397937040641989,0.1130307210096164,-0.5943420096847409,-1.5599154743216872,-0.0560087051957181,0.5977304104878445
0.3788832623742292,0.3249012259092254,0.4307555016610862,1.7333779118057981,-0.1897617696560817,-0.2627533519021844,-0.27197616446791967,-1.553918097290606,-0.8849066319953676,-0.39644379887443487
0.019905790387522188,-0.05695570426325802,1.1879779459206674,0.8934823539122849,0.6478841154165894,0.018968285750713736,-0.01518159580629308,-0.8146423874872475,-1.7656972679468077,-0.08199109578512484
-0.2118723153094246,0.9113179513816037,0.9590387642753961,1.2373400514515553,0.860323272644282,-0.19868987561511622,-0.05417691166249394,-1.7093013876447736,-1.7859288541349103,0.13599841416997627
0.13317391719730443,1.5924134554048044,0.9208152640230525,-0.16133824103572603,-0.32524636140924923,-0.26099229528743567,-0.8247125028709184,-0.8212782326403297,-1.4606056396067957,-0.26363455354897103
-0.3651963607957373,-0.07180351331512214,0.4522562866922186,-0.13719639301396325,1.3334244091434853,0.14571877842810832,0.24129828315487634,-1.3155967431858246,-1.1974027210312745,0.33877827528730814
0.40224617434288223,-0.17791875687553205,1.543073598880629,1.5953757663978534,0.4787584813890741,-0.3037152170411661,-0.01242021156856632,-0.9118108968572392,-0.40845484697788226,-0.4657909996296923
-0.7641865376211585,-0.6097365575876659,0.30473463407387114,0.15891810296701314,0.7156759657905445,-0.1792061014088025,-0.4251239999007517,-0.5847800960806597,-1.7839125564391083,0.7174169996667362
0.0637434584241347,-0.2803127804044848,1.2683565863957091,0.6285129013573224,0.49361184958349225,0.4927805628548558,-0.6215151780225562,-1.3836968835597927,-0.7006719308094396,-0.100991039756221
-0.4462463938286108,1.7152459024599183,1.1684213850516736,1.3126833799581654,0.3818563608770281,-0.2851700157597741,0.0730062656472572,-0.9201996956108639,-1.5885660633523098,0.41021745727479775
0.9408992697238614,0.3434548243201285,1.3874728426345109,0.9896090848586507,-0.07255742267991683,0.1192673515041378,0.11076441924349079,-0.9338679971855974,-0.662936808355119,-1.0974343294911177
-0.27650308487740716,-0.07451014320761418,-0.1565422360729899,0.19076308796538666,1.1027573952951388,-0.9203105145481578,-0.32214559678277976,-1.4802256352469851,-1.1192624563958764,0.21381827888602806
-0.16687771355951617,0.510575813059157,0.571768933020036,0.62203155019464,0.24904336399892485,-0.2942854418460099,-0.7371270142933466,-1.3127559991481255,-0.9826678457490277,0.08983911434232925
-0.4276673190475191,0.8073909193470814,0.826705797629211,0.2586107990749148,1.3366487255156656,-0.4789197878070063,-0.680839596843438,-1.4682009972406438,-1.6120113068265527,0.42399256109172767
-1.0607888098603846,0.8094735048593356,1.5080170910723152,0.7294335595205705,0.2842637810282527,-0.34829853262645183,-0.49388913694000114,-1.0494439418040946,-0.8224087738859233,0.893639664389609
0.17714318688639694,0.44441843978226925,-0.05008970063773954,0.3267449204869711,0.2556702975019601,-0.009983099307874294,0.4676059095755897,-1.5513396553529373,0.11459434309303651,-0.2857972868484089
0.17002419172895983,1.292827539309756,0.5696440798022409,1.4689424759075573,1.2433969712089015,-0.08026906509837115,-1.5867156313018023,-1.3360133230992333,-1.3946649068308938,-0.2962139402767623
0.2625031684392857,0.5184394974610878,0.680594212949986,1.5203281636053152,0.7729619866544466,-1.0018528150536143,-0.17906942338355547,-0.8164239718641354,-0.931034201932338,-0.3436814117818499
-0.17143685559295838,0.10432816972677872,1.146328395242852,0.4744842118527787,-0.2599609593892689,-0.2239075268765064,-0.5541918014804321,-1.3590147746051633,-1.0952137735767227,0.17962430119051576
0.051507273720858344,0.7345734574654496,1.6129140711670482,0.9566586909370033,0.20281350296625844,0.026704855016277784,-1.293748602671069,-0.7644730988308684,-0.4608046208129136,-0.1404853638063452
-0.2909285271487503,-0.05103947306415346,0.6396589635345151,1.8121390475744357,0.37777956050417666,-0.11317445995127985,-0.45106526937503844,-0.876298864734695,-0.8855431245792823,0.23093115665959052
-0.30959025713614735,1.216654043990733,1.3923757164542723,1.7096069031021521,1.0648763763775073,0.1004309400565447,-0.44595055382176896,-0.6103885781498609,-0.843424680286116,0.2002478875078798
0.44246213424619146,0.6097628662378406,0.6484176816678835,0.9115781851558035,1.262469648947694,1.0747334128030672,-0.8612290164896308,-0.7883705381847624,-0.3137262768556148,-0.49030426880976397
0.16808403017469042,1.188766567474421,1.151854369346994,1.4959818189880822,-0.15865377788977064,1.0784951474833904,-0.3249073630474248,-1.5864362234917047,-0.21298514436684546,-0.2201884687862835
0.27136022796856657,-0.08763216500892679,0.17567690719336437,0.8307335958652947,-0.5022811726392201,0.11446291792322164,-1.0457544502185045,-1.355919798066584,-0.9652347550416986,-0.2916546229871578
-0.9475240811436212,0.6302827527355775,1.322431013795708,0.5312208424116929,0.7823924832231006,0.48583820764938945,-0.4067931177514674,-1.2987234864004833,-0.2648364530082541,0.899568290503256
-0.24716806814435355,0.8606653249454352,1.1801127147597157,1.17992839762191,-0.0793866919053331,-0.16523441689374274,-0.3579336931516359,-0.6638337120475846,-1.9864032856805014,0.13752305475172438
0.6123149452420225,1.0379695712516006,1.043720247707185,1.0738142203768841,0.3643386458376199,0.644873331739446,-1.512794704959895,-1.0616132899522335,-1.6277915910571508,-0.6400639118120994
-1.1955264468566058,1.0082089742785185,1.147791743481552,0.8239359864704865,0.0925775262566057,0.22919460957880614,-0.5907535136003524,-0.852103127397008,-0.5040113472504684,1.166572995030405
-0.3256624359422332,0.5671970267866661,0.6001753135098038,1.0604418073841835,1.0481596657368917,-0.23047310143263156,-2.0171319050178225,-1.1784473596954383,-1.0147974569556804,0.29229477544090965
0.22406051485990677,1.0061852470945871,1.0407874390125338,0.232709833578293,0.5876889479303266,0.7295938957200881,-0.3149322814012958,-1.1638382474891007,-0.9367130831814102,-0.26076216631737115
-0.47748700009351647,0.47343444280643,1.487560431273156,1.3317224123475917,0.786454279447599,0.21377722171252672,-0.08235863475094385,-0.7236965109429708,-1.1129897733180532,0.44046397898691636
0.3890747169611431,1.5801414936968317,0.0977702036795205,0.7449637343299037,1.2168480012868645,-0.03967076506749519,-0.9123946325728215,-0.7244787968412311,-0.6386260776831001,-0.4870291832193736
-0.4376660733819794,0.7000667489517352,1.6414104332941815,0.54748721715289,0.526871079416108,0.07153386461230818,-0.3983014182930825,-1.2877209589456908,-0.6991528119707497,0.3888676110901561
-0.1890201074834806,0.6743494817466561,0.33820407789031615,0.986684066484605,0.31143543098272064,0.04889820700565309,0.2471366421646799,-1.0535179673986,-1.011961607710615,0.2119154766149588
0.3669962135282515,0.23900201202550297,0.47039732624414743,1.129591334613993,0.5040723785084008,0.16340829079358954,-1.2598230926669087,-0.4783867746980652,-0.7424078737078067,-0.43863161581522314
-0.4890792461103087,0.9792870551206905,0.8298705481967961,1.3168839501645664,-0.21286113495413128,1.0690761027190852,-1.0828549727274726,-1.0500972818603946,-0.8892464303868517,0.5097712180910658
-0.4512648083520193,0.5683533524784173,1.3381692485271348,0.5173219678450387,0.32450206416761485,-0.05028833064813242,-0.10437997570079505,-1.3153886074811263,-0.9590912866482547,0.3549317931439748
0.16395538032654158,0.9738833723833724,1.3136429163582264,1.354879054228767,1.1172339396748223,-0.34592810878978303,-0.21678526564737383,-0.9791971944774889,-0.9859193032679692,-0.27925705599871076
0.8099656244961262,0.41954726773922635,0.9629317309111015,0.5892188820093935,0.712446114803331,0.4507120738667806,0.26695022132866864,-0.5930850211923067,-1.2256532606655548,-0.8270372482871983
0.43454360269375913,0.7337624906620749,0.6357438911773519,0.6524071582809517,0.6899606449684261,-0.7363153706568953,-0.8063296779890957,-0.7854767245937107,-0.870775391408823,-0.44278751559720914
-0.17780135943953657,0.4345933666969345,0.42150772712646933,-0.004070629761009248,0.8726535573534469,0.04640042770539923,-0.2935950922319897,-0.43088055367254974,-1.3041642380820215,-0.014479262178575814
-0.5581292315385679,-0.24849154853173017,1.210098202217918,1.1593087531317083,0.8445098153476505,0.7015635559326845,-0.5784144442920198,-0.44950776483525534,-1.4236366054278107,0.5517622314850663
-0.10317974998900058,0.7744097504533956,0.4695201155773627,0.4958783026952794,0.07166265033602748,0.4407007815146411,-0.4265412823459238,-0.20415376355146686,-0.27916175641397767,0.027460915006753697
0.46447975205338576,1.6636410390720455,0.7571779237780903,1.490405362609252,0.7273727404147222,0.3869679248121098,-0.18599912546388092,-1.4620967464464216,-1.378977986093569,-0.4634704844011459
-0.5561612993549522,0.20848525787756428,1.08917995852931,1.0938440216460543,0.2588394998945374,-0.5851801538505583,-1.1033673917771134,-1.3879754646234197,-0.6933845188520158,0.5395231389296664
-0.4712268810051979,1.4834317354861581,0.4664136660986473,0.6657953530475667,1.4979752929127614,-0.12216150081436822,-0.3729067224986471,-0.9206926476773959,-0.8474596036770762,0.4131515489970681
0.6829127895787871,1.2323386418832625,0.7065198635854437,1.0662340899821883,0.6107704036241212,0.19849767635852678,-0.13944815431215085,-1.0937469979692858,-1.1069575717258078,-0.8320648365835523
0.0628163922797243,0.10287862797309927,0.4783923089515798,1.0364058954351232,1.0057074030274578,0.39737650350026477,-0.3804689129723362,-1.0745180644308647,-1.4882202043018917,-0.09865730611490846
0.3142574757583141,0.9914542881614681,0.849934794093241,0.8896011889142984,0.4412031967680388,0.5569450135768383,-0.931622794396274,-0.9728198959628404,-0.688097507872873,-0.3457030370836644
-0.6352398126829699,0.2180807861741898,-0.46609388123042395,0.8485770497409388,0.532315370530551,-1.1492385070567395,-0.8338866699832123,-0.1937360871158037,-1.1032252991095577,0.6670816804695509
0.12992666448527004,0.1944542732887436,0.213228497047097,1.7989244201870211,0.3218842844105971,0.06267898789330117,-0.9207429072869115,-1.664491547414654,-0.8558945286467896,-0.17500821412412135
-0.3738411910836927,0.6695854157934373,1.8040646218614964,0.7628431736548487,-0.030066200382382724,-0.5635617758781714,-0.5870215740404662,-2.048782653325585,-1.0966788506051108,0.18123964592182815
0.5276534419361758,1.3872254204959642,0.9994452666221079,0.9057727930454479,0.40703611278956997,-0.3128907645579633,-1.749358472965155,-1.359364105651598,-1.129663968039198,-0.6500029699883939
0.0022008594742199024,0.9512493513324063,0.8633135239170887,1.9055848175218522,0.8997588424113956,0.2954033151550566,-1.6814271629129496,-0.6819118595610021,-0.7064736014472408,0.011713976743487658
0.12463765425003556,0.548226269649081,1.5963619843973809,1.4911077988158292,0.12375491537510691,-0.6877250975054299,-0.49663875863555573,-1.4530435568936841,-0.6261186628544959,-0.20010341851500524
-0.05685398017824673,0.14992291372650784,0.9619723607844772,0.4079882179822826,0.7819006269720807,0.20262421857523502,-1.3305961390129946,-0.6076885682600284,-1.070763421758929,-0.011724126128467731
0.5833377989647933,1.5593532888046604,0.32401682481787075,0.012687843362652163,0.5712043328612397,-0.23798818421853885,-0.535996921318968,-0.8822070901987269,-1.1134909327579674,-0.5957856394378325
-0.7393231067897538,0.17673346700449977,0.1664601103372897,1.1128942505982051,0.7817930272199551,-0.8061090328780637,-0.8236144535673657,-1.946536106692107,-0.34364638859754404,0.8032492844943347
-0.2847756839869395,-0.13065376845614407,1.1147289708953467,-0.1887737922065853,-0.08617995564248326,-0.06361244933184915,-1.0591497747978083,-0.887950124917975,-1.0822633665968944,0.25117456906355395
1.3177970784031243,0.14212775037588132,2.0757728065046956,1.134493717426545,0.49719670784315423,-0.03051774364319254,-0.5123411008669199,-1.0860441482574008,-1.7223422675838882,-1.3152606711475792
-0.19404260102933607,-0.12474489152170565,0.816755813727787,1.1115879212013988,-0.7457452021517773,-0.6651234931211452,-0.26533242543195756,-1.7414339666632588,-0.9018976604217279,0.08049048415589838
0.5575782723010665,0.5672413691628443,1.268591114344428,1.6508915647470142,0.4215698211646604,-0.34198880261451403,-0.26855449145813093,-0.5723101692923886,-0.3730537281415963,-0.6011541649890599
