train,test
"[1, 2, 3, 4, 5, 6, 7, 8, 9, 10, 11, 12, 13, 14, 15, 16, 17, 18, 19, 20, 21, 22, 23, 24, 25, 26, 27, 28, 29, 30, 31, 32, 33, 34, 35, 36, 37, 38, 39, 40, 41, 42, 43, 44, 45, 46, 47, 48, 49, 50, 51, 52, 53, 54, 55, 56, 57, 58, 59, 60, 61, 62, 63, 64, 65, 66, 67, 68, 69, 70, 71, 72, 73, 74, 75, 76, 77, 78, 79, 80, 81, 82, 83, 84, 85, 86, 87, 88, 89, 90, 91, 92, 93, 94, 95, 96, 97, 98, 99, 100, 101, 102, 103, 104, 105, 106, 107, 108, 109, 110, 111, 112, 113, 114, 115, 116, 117, 118, 119, 120, 121, 122, 123, 124, 125, 126, 127, 128, 129, 130, 131, 132, 133, 134, 135, 136, 137, 138, 139, 140, 141, 142, 143, 144, 145, 146, 147, 148, 149, 150, 151, 152, 153, 154, 155, 156, 157, 158, 159, 160, 161, 162, 163, 164, 165, 166, 167, 168, 169, 170, 171, 172, 173, 174, 175, 176, 177, 178, 179, 180, 181, 182, 183, 184, 185, 186, 187, 188, 189, 190, 191, 192, 193, 194, 195, 196, 197, 198, 199, 200, 201, 202, 203, 204, 205, 206, 207, 208, 209, 210, 211, 212, 213, 214, 215, 216, 217, 218, 219, 220, 221, 222, 223, 224, 225, 226, 227, 228, 229, 230, 231, 232, 233, 234, 235, 236, 237, 238, 239, 240, 241, 242, 243, 244, 245, 246, 247, 248, 249, 250, 251, 252, 253, 254, 255, 256, 257, 258, 259, 260, 261, 262, 263, 264, 265, 266, 267, 268, 269, 270, 271, 272, 273, 274, 275, 276, 277, 278, 279, 280, 281, 282, 283, 284, 285, 286, 287, 288, 289, 290, 291, 292, 293, 294, 295, 296, 297, 298, 299, 300, 301, 302, 303, 304, 305, 306, 307, 308, 309, 310, 311, 312, 313, 314, 315, 316, 317, 318, 319, 320, 321, 322, 323, 324, 325, 326, 327, 328, 329, 330, 331, 332, 333, 334, 335, 336, 337, 338, 339, 340, 341, 342, 343, 344, 345, 346, 347, 348, 349, 350, 351, 352, 353, 354, 355, 356, 357, 358, 359, 360, 361, 362, 363, 364, 365, 366, 367, 368, 369, 370, 371, 372, 373, 374, 375, 376, 377, 378, 379, 380, 381, 382, 383, 384, 385, 386, 387, 388, 389, 390, 391, 392, 393, 394, 395, 396, 397, 398, 399, 400, 401, 402, 403, 404, 405, 406, 407, 408, 409, 410, 411, 412, 413, 414, 415, 416, 417, 418, 419, 420, 421, 422, 423, 424, 425, 426, 427]","[428, 429, 430, 431, 432, 433, 434, 435, 436, 437, 438, 439, 440, 441, 442, 443, 444, 445, 446, 447, 448, 449, 450, 451, 452, 453, 454, 455, 456, 457, 458, 459, 460, 461, 462, 463, 464, 465, 466, 467, 468, 469, 470, 471, 472, 473, 474, 475, 476, 477, 478, 479, 480, 481, 482, 483, 484, 485, 486, 487, 488, 489, 490, 491, 492, 493, 494, 495, 496, 497, 498, 499, 500, 501, 502, 503, 504, 505, 506, 507, 508, 509, 510, 511, 512, 513, 514, 515, 516, 517, 518, 519, 520, 521, 522, 523, 524, 525, 526, 527, 528, 529, 530, 531, 532, 533, 534, 535, 536, 537, 538, 539, 540, 541, 542, 543, 544, 545, 546, 547, 548, 549, 550, 551, 552, 553, 554, 555, 556, 557, 558, 559, 560, 561, 562, 563, 564, 565, 566, 567, 568, 569, 570, 571, 572, 573, 574, 575, 576, 577, 578, 579, 580, 581, 582, 583, 584, 585, 586, 587, 588, 589, 590, 591, 592, 593, 594, 595, 596, 597, 598, 599, 600, 601, 602, 603, 604, 605, 606, 607, 608, 609, 610, 611, 612]"
"[221, 556, 103, 370, 495, 143, 7, 464, 488, 522, 470, 402, 571, 388, 453, 148, 386, 604, 298, 110, 333, 467, 138, 95, 578, 328, 363, 34, 354, 106, 53, 296, 114, 139, 119, 404, 507, 346, 564, 35, 191, 16, 382, 237, 6, 117, 392, 113, 297, 204, 562, 372, 33, 367, 586, 40, 273, 231, 546, 530, 508, 537, 500, 584, 422, 304, 62, 496, 170, 247, 403, 169, 274, 240, 30, 77, 503, 146, 589, 256, 600, 158, 79, 268, 528, 462, 300, 419, 334, 70, 468, 545, 408, 336, 249, 228, 142, 225, 196, 443, 36, 497, 412, 529, 286, 44, 32, 426, 515, 450, 88, 397, 430, 313, 319, 597, 557, 482, 199, 259, 583, 312, 558, 384, 31, 602, 582, 182, 458, 409, 174, 42, 454, 19, 579, 162, 506, 203, 605, 478, 383, 432, 24, 141, 594, 374, 294, 100, 587, 339, 348, 149, 595, 216, 460, 128, 49, 417, 332, 89, 603, 18, 38, 327, 551, 72, 66, 350, 376, 338, 48, 337, 362, 520, 47, 188, 261, 127, 232, 505, 599, 608, 421, 50, 229, 195, 63, 473, 222, 435, 471, 21, 288, 491, 200, 344, 612, 140, 352, 283, 359, 69, 210, 366, 459, 238, 156, 123, 120, 55, 345, 185, 193, 223, 393, 433, 26, 525, 60, 101, 469, 145, 253, 490, 176, 572, 405, 126, 187, 325, 427, 475, 287, 355, 235, 549, 279, 447, 90, 591, 266, 437, 449, 201, 179, 570, 14, 23, 29, 10, 99, 349, 465, 1, 399, 251, 487, 264, 552, 553, 455, 263, 284, 85, 135, 20, 243, 311, 581, 485, 236, 331, 82, 526, 406, 80, 165, 310, 116, 118, 521, 575, 424, 112, 486, 11, 151, 398, 533, 381, 28, 577, 96, 226, 480, 241, 401, 244, 536, 22, 94, 219, 510, 326, 307, 394, 254, 501, 150, 258, 155, 87, 177, 606, 446, 160, 324, 54, 180, 335, 197, 289, 444, 15, 569, 360, 340, 105, 192, 434, 596, 315, 51, 375, 371, 309, 43, 534, 212, 498, 565, 214, 380, 461, 41, 351, 194, 168, 514, 129, 64, 353, 166, 58, 13, 543, 218, 611, 477, 341, 76, 164, 541, 389, 234, 567, 316, 560, 132, 357, 272, 275, 147, 178, 265, 295, 509, 246, 493, 75, 445, 516, 92, 198, 532, 425, 276, 260, 131, 291, 27, 547, 217, 519, 290, 513, 184, 255, 220, 39, 302, 347, 481, 262, 65, 269, 4, 215, 511, 429, 609, 456, 538, 83, 330, 592, 407, 45, 277, 593, 301, 440, 561, 281, 161, 502, 84]","[364, 257, 78, 494, 12, 130, 239, 282, 122, 207, 2, 423, 524, 420, 190, 230, 531, 159, 5, 518, 121, 385, 601, 305, 416, 396, 3, 576, 610, 224, 566, 248, 568, 512, 267, 415, 167, 52, 208, 479, 457, 173, 211, 378, 314, 98, 428, 439, 436, 306, 125, 438, 499, 574, 25, 418, 81, 71, 136, 317, 466, 517, 448, 245, 607, 183, 111, 303, 365, 548, 104, 590, 463, 329, 441, 270, 542, 8, 580, 9, 411, 484, 395, 213, 483, 61, 323, 186, 124, 544, 369, 205, 452, 86, 280, 598, 318, 278, 74, 410, 373, 134, 93, 37, 535, 585, 271, 109, 308, 573, 107, 175, 523, 431, 321, 171, 152, 299, 540, 189, 356, 172, 492, 563, 108, 209, 413, 181, 154, 102, 474, 202, 293, 368, 451, 342, 588, 144, 56, 379, 361, 227, 390, 250, 46, 206, 550, 387, 472, 292, 400, 559, 391, 285, 137, 320, 133, 358, 554, 322, 67, 377, 91, 252, 97, 555, 527, 17, 57, 539, 242, 153, 489, 73, 504, 442, 343, 163, 414, 59, 68, 157, 115, 233, 476]"
"[458, 533, 27, 132, 484, 361, 404, 610, 423, 158, 174, 349, 300, 367, 214, 430, 569, 249, 494, 86, 198, 321, 45, 111, 374, 573, 296, 193, 235, 432, 231, 191, 420, 591, 32, 516, 11, 429, 75, 94, 188, 608, 471, 477, 210, 434, 87, 366, 201, 92, 500, 453, 239, 17, 48, 42, 483, 396, 259, 225, 313, 180, 203, 380, 43, 265, 37, 346, 541, 256, 288, 373, 355, 57, 522, 74, 115, 504, 324, 546, 1, 464, 159, 572, 104, 279, 446, 78, 84, 419, 540, 598, 278, 4, 260, 179, 385, 487, 8, 538, 236, 461, 112, 350, 381, 524, 23, 289, 438, 224, 530, 470, 370, 208, 424, 14, 387, 283, 138, 584, 497, 354, 428, 467, 595, 333, 422, 450, 122, 290, 33, 589, 576, 151, 393, 412, 139, 169, 498, 521, 472, 146, 166, 331, 232, 501, 117, 163, 600, 352, 377, 19, 418, 189, 411, 332, 175, 147, 520, 237, 120, 35, 371, 298, 426, 211, 326, 415, 588, 545, 73, 126, 468, 56, 602, 20, 486, 315, 359, 194, 525, 40, 586, 342, 485, 488, 148, 397, 72, 223, 197, 49, 52, 28, 536, 364, 519, 518, 444, 285, 135, 507, 582, 124, 98, 360, 204, 199, 408, 70, 99, 196, 406, 339, 553, 246, 597, 554, 495, 276, 526, 125, 537, 330, 109, 233, 173, 244, 531, 443, 143, 308, 440, 606, 409, 240, 170, 294, 130, 543, 320, 493, 284, 570, 292, 88, 218, 65, 297, 319, 562, 190, 209, 527, 609, 241, 448, 172, 76, 129, 328, 270, 51, 514, 594, 445, 81, 116, 317, 267, 302, 141, 69, 583, 156, 47, 351, 375, 473, 39, 301, 577, 184, 557, 133, 341, 185, 363, 102, 83, 599, 358, 18, 604, 46, 277, 59, 318, 155, 64, 528, 378, 365, 31, 340, 539, 263, 456, 93, 89, 611, 144, 362, 478, 402, 90, 369, 510, 217, 329, 60, 3, 558, 137, 212, 261, 417, 593, 515, 113, 492, 304, 474, 286, 353, 496, 435, 566, 427, 68, 601, 414, 323, 280, 221, 274, 44, 316, 574, 247, 105, 97, 336, 505, 195, 475, 229, 368, 395, 50, 91, 612, 227, 390, 206, 136, 127, 560, 268, 282, 53, 186, 596, 449, 220, 253, 457, 140, 79, 161, 548, 62, 149, 436, 508, 205, 559, 466, 529, 264, 10, 176, 248, 400, 544, 5, 433, 219, 386, 230, 95, 523, 306, 413, 425, 6, 405, 460, 108, 348, 509, 7, 389, 153, 439, 563, 480, 262, 549, 416, 452, 251, 392, 252, 532, 388, 66]","[162, 123, 275, 391, 107, 273, 12, 202, 607, 222, 299, 34, 15, 119, 334, 481, 382, 281, 347, 266, 550, 476, 403, 343, 55, 257, 503, 379, 30, 38, 469, 399, 181, 499, 312, 327, 357, 71, 421, 9, 157, 118, 447, 67, 506, 177, 134, 243, 372, 142, 479, 238, 245, 344, 555, 511, 579, 489, 568, 311, 295, 171, 213, 272, 215, 128, 167, 465, 200, 63, 384, 552, 345, 183, 551, 269, 58, 216, 394, 152, 482, 254, 401, 398, 101, 383, 305, 512, 338, 187, 578, 207, 96, 491, 168, 603, 293, 24, 356, 309, 314, 335, 114, 534, 407, 100, 451, 454, 542, 164, 234, 580, 182, 226, 490, 567, 535, 463, 462, 287, 160, 592, 271, 337, 145, 441, 82, 178, 410, 250, 459, 575, 437, 36, 517, 571, 581, 258, 54, 561, 2, 242, 103, 587, 585, 85, 513, 192, 21, 80, 431, 590, 564, 605, 547, 322, 41, 565, 307, 165, 442, 29, 22, 150, 556, 61, 13, 26, 255, 131, 121, 228, 325, 291, 25, 106, 16, 310, 376, 77, 455, 303, 502, 154, 110]"
"[31, 49, 176, 359, 95, 566, 536, 102, 547, 355, 416, 607, 81, 396, 32, 377, 465, 111, 211, 42, 203, 240, 287, 30, 478, 80, 438, 534, 292, 456, 46, 271, 609, 299, 521, 233, 20, 611, 368, 70, 273, 8, 6, 348, 345, 535, 83, 504, 596, 173, 567, 94, 608, 286, 79, 487, 47, 505, 572, 264, 124, 387, 473, 447, 257, 488, 591, 200, 208, 522, 561, 346, 186, 48, 423, 419, 106, 131, 375, 297, 2, 253, 334, 195, 109, 267, 144, 343, 312, 73, 143, 86, 385, 198, 243, 190, 449, 222, 226, 217, 134, 104, 251, 579, 401, 564, 386, 450, 160, 569, 503, 103, 26, 409, 97, 484, 34, 331, 425, 322, 472, 379, 127, 586, 85, 462, 352, 448, 491, 71, 158, 601, 284, 180, 602, 405, 268, 129, 142, 213, 323, 606, 326, 429, 406, 258, 52, 50, 263, 283, 265, 398, 315, 159, 459, 408, 539, 575, 119, 177, 192, 510, 22, 78, 499, 170, 391, 161, 128, 29, 123, 194, 549, 325, 433, 90, 531, 154, 576, 600, 193, 116, 112, 404, 498, 399, 412, 59, 191, 413, 403, 114, 67, 210, 281, 314, 559, 294, 516, 550, 100, 5, 77, 36, 529, 604, 147, 584, 506, 349, 13, 307, 101, 232, 289, 24, 380, 138, 279, 482, 69, 578, 533, 245, 236, 443, 137, 545, 56, 310, 347, 244, 515, 181, 595, 523, 497, 266, 454, 184, 525, 74, 254, 37, 483, 451, 341, 543, 571, 38, 108, 610, 122, 238, 589, 230, 23, 430, 570, 305, 256, 214, 593, 492, 319, 60, 239, 426, 272, 320, 495, 321, 560, 546, 411, 485, 39, 260, 9, 189, 19, 444, 185, 383, 212, 466, 526, 91, 351, 565, 64, 553, 224, 548, 562, 390, 342, 476, 41, 221, 389, 165, 594, 61, 53, 583, 130, 168, 350, 431, 318, 241, 98, 246, 358, 568, 296, 357, 99, 518, 35, 157, 280, 480, 223, 72, 362, 353, 118, 500, 207, 442, 196, 247, 507, 329, 302, 374, 96, 477, 452, 392, 76, 148, 530, 250, 141, 135, 162, 370, 582, 229, 153, 166, 105, 215, 25, 577, 87, 113, 136, 395, 178, 555, 204, 376, 421, 55, 262, 410, 227, 149, 293, 496, 538, 1, 225, 4, 301, 206, 295, 599, 209, 125, 126, 282, 218, 551, 441, 150, 415, 120, 587, 303, 356, 169, 417, 324, 306, 337, 7, 597, 338, 527, 335, 172, 598, 363, 467, 439, 494, 269, 508, 544, 445, 378, 366, 15, 18, 304, 344, 469, 313, 33, 542, 502, 537]","[277, 372, 590, 489, 276, 171, 205, 179, 27, 382, 424, 486, 513, 585, 187, 278, 110, 255, 3, 517, 28, 458, 457, 580, 216, 552, 364, 261, 133, 145, 479, 155, 434, 89, 369, 316, 43, 242, 574, 140, 270, 167, 554, 298, 63, 17, 436, 532, 65, 252, 54, 437, 62, 360, 237, 44, 57, 182, 317, 402, 311, 84, 75, 493, 51, 188, 603, 11, 92, 274, 588, 490, 558, 88, 66, 199, 381, 511, 290, 612, 327, 93, 156, 420, 333, 201, 524, 463, 388, 371, 285, 475, 541, 235, 514, 339, 291, 540, 228, 501, 21, 328, 121, 336, 234, 509, 10, 249, 605, 139, 58, 163, 563, 132, 354, 427, 275, 174, 197, 82, 146, 468, 394, 520, 384, 512, 592, 367, 432, 519, 300, 470, 183, 446, 175, 464, 373, 453, 407, 115, 422, 361, 455, 461, 330, 202, 248, 481, 12, 573, 414, 397, 365, 107, 460, 528, 220, 309, 471, 16, 581, 332, 435, 393, 340, 219, 308, 400, 259, 440, 40, 14, 474, 556, 557, 288, 152, 45, 68, 164, 428, 151, 117, 418, 231]"
"[607, 561, 190, 96, 181, 555, 21, 505, 14, 39, 224, 540, 68, 150, 112, 317, 27, 315, 414, 208, 294, 31, 33, 358, 8, 553, 19, 305, 387, 188, 104, 206, 395, 499, 596, 489, 232, 230, 372, 198, 99, 76, 452, 320, 316, 366, 189, 554, 18, 274, 351, 564, 162, 307, 58, 376, 412, 528, 603, 85, 142, 118, 77, 125, 334, 321, 102, 72, 612, 485, 63, 83, 416, 291, 135, 369, 263, 126, 258, 214, 246, 421, 220, 354, 478, 284, 439, 293, 545, 500, 332, 560, 107, 268, 330, 7, 81, 381, 429, 200, 11, 443, 581, 383, 151, 229, 498, 515, 365, 509, 184, 132, 42, 454, 303, 569, 52, 6, 67, 420, 466, 211, 382, 264, 461, 114, 203, 359, 577, 66, 227, 271, 108, 425, 409, 411, 91, 363, 318, 535, 573, 267, 92, 38, 582, 9, 124, 180, 266, 595, 288, 109, 460, 292, 234, 166, 222, 16, 314, 550, 548, 201, 497, 257, 601, 243, 22, 537, 368, 417, 435, 379, 380, 436, 128, 147, 580, 377, 212, 378, 335, 386, 530, 524, 56, 447, 61, 139, 463, 50, 388, 183, 394, 24, 593, 493, 415, 149, 84, 73, 446, 153, 333, 281, 542, 129, 182, 299, 172, 120, 517, 254, 191, 510, 506, 101, 259, 25, 256, 205, 116, 437, 495, 202, 600, 326, 491, 309, 455, 41, 178, 462, 156, 571, 53, 503, 78, 355, 221, 423, 87, 270, 422, 456, 322, 538, 93, 584, 543, 356, 534, 143, 146, 43, 511, 154, 480, 10, 301, 449, 327, 121, 599, 155, 192, 323, 131, 523, 269, 399, 319, 285, 13, 90, 424, 410, 552, 40, 86, 520, 295, 240, 384, 282, 605, 610, 567, 54, 44, 576, 80, 160, 338, 253, 519, 404, 391, 324, 518, 216, 559, 579, 196, 304, 244, 434, 508, 306, 346, 352, 252, 286, 336, 521, 32, 168, 117, 82, 94, 164, 89, 209, 475, 272, 65, 526, 598, 341, 608, 407, 158, 361, 1, 568, 430, 494, 362, 262, 260, 17, 345, 59, 516, 26, 492, 592, 308, 547, 5, 64, 278, 469, 138, 152, 100, 88, 413, 549, 169, 583, 123, 28, 364, 175, 35, 173, 501, 37, 148, 398, 49, 405, 290, 165, 228, 213, 141, 300, 248, 570, 396, 199, 440, 533, 289, 95, 347, 163, 51, 225, 311, 170, 427, 522, 62, 275, 458, 217, 393, 487, 302, 4, 233, 531, 551, 539, 488, 15, 594, 194, 12, 261, 176, 204, 590, 193, 249, 471, 197, 133, 247, 296, 310, 344, 402, 23, 251]","[562, 215, 74, 30, 474, 433, 587, 239, 195, 431, 408, 339, 186, 241, 527, 140, 472, 536, 486, 385, 34, 97, 572, 236, 207, 529, 57, 337, 157, 525, 597, 541, 375, 98, 3, 426, 136, 532, 48, 360, 589, 442, 370, 556, 297, 235, 451, 20, 185, 586, 279, 110, 565, 406, 265, 397, 119, 357, 237, 470, 476, 349, 374, 223, 210, 602, 70, 255, 71, 329, 103, 468, 546, 331, 36, 75, 134, 400, 392, 401, 428, 226, 448, 2, 563, 604, 514, 174, 187, 283, 127, 566, 606, 328, 298, 512, 444, 46, 159, 445, 350, 325, 467, 47, 179, 575, 340, 373, 245, 277, 111, 438, 457, 171, 348, 578, 484, 219, 137, 69, 611, 473, 130, 464, 242, 477, 276, 60, 419, 122, 29, 585, 231, 312, 287, 367, 177, 145, 544, 371, 591, 450, 465, 113, 609, 389, 558, 588, 161, 167, 574, 55, 313, 144, 432, 238, 105, 459, 504, 390, 496, 342, 403, 490, 483, 45, 106, 273, 557, 502, 453, 250, 441, 79, 513, 115, 418, 479, 507, 218, 353, 343, 280, 481, 482]"
"[418, 14, 582, 3, 550, 512, 542, 54, 364, 507, 197, 359, 559, 538, 325, 287, 177, 145, 313, 334, 414, 143, 61, 241, 321, 257, 294, 60, 198, 416, 499, 402, 278, 267, 430, 246, 345, 470, 545, 225, 587, 219, 159, 168, 541, 209, 290, 99, 106, 518, 352, 126, 469, 127, 551, 306, 441, 116, 422, 249, 258, 239, 407, 85, 2, 457, 192, 185, 458, 52, 292, 213, 586, 593, 377, 378, 429, 215, 495, 548, 97, 574, 276, 298, 595, 337, 598, 369, 20, 193, 288, 8, 35, 329, 94, 293, 208, 43, 34, 105, 103, 214, 363, 494, 74, 183, 318, 1, 452, 88, 434, 104, 608, 489, 567, 147, 579, 326, 141, 12, 380, 412, 562, 525, 370, 199, 107, 136, 327, 29, 389, 555, 250, 514, 49, 195, 594, 53, 453, 283, 124, 411, 357, 493, 365, 274, 476, 31, 111, 163, 242, 600, 30, 273, 431, 166, 373, 303, 448, 77, 360, 68, 270, 236, 89, 410, 484, 406, 387, 173, 454, 592, 536, 86, 272, 300, 101, 58, 446, 59, 295, 487, 597, 461, 235, 28, 181, 125, 451, 176, 245, 210, 486, 602, 73, 167, 340, 247, 17, 228, 165, 372, 308, 118, 381, 160, 530, 460, 119, 466, 98, 222, 268, 6, 102, 606, 500, 240, 137, 584, 81, 13, 522, 491, 144, 339, 401, 435, 206, 26, 553, 516, 217, 513, 22, 122, 45, 384, 5, 95, 226, 234, 426, 131, 408, 588, 366, 280, 164, 132, 419, 120, 549, 24, 572, 563, 109, 610, 425, 479, 557, 263, 394, 75, 338, 524, 285, 162, 447, 398, 437, 450, 40, 612, 436, 110, 581, 205, 361, 527, 19, 388, 286, 511, 510, 585, 427, 501, 468, 568, 281, 571, 517, 322, 544, 307, 534, 156, 180, 523, 413, 354, 188, 149, 87, 302, 91, 464, 578, 113, 260, 428, 485, 565, 404, 449, 433, 324, 200, 519, 256, 351, 473, 315, 27, 392, 515, 478, 172, 18, 170, 440, 481, 420, 508, 157, 599, 204, 496, 305, 502, 269, 244, 316, 488, 374, 211, 375, 55, 580, 221, 521, 403, 62, 405, 609, 335, 259, 328, 15, 368, 150, 301, 390, 67, 148, 540, 128, 477, 37, 279, 570, 178, 174, 76, 569, 498, 83, 314, 310, 139, 252, 564, 63, 344, 376, 4, 189, 253, 543, 330, 84, 474, 265, 480, 383, 438, 509, 399, 112, 229, 535, 218, 254, 482, 424, 396, 552, 191, 277, 237, 358, 506, 546, 556, 591, 9, 576, 462, 175, 79, 248, 349, 346, 133, 36, 142]","[575, 51, 367, 604, 194, 529, 155, 385, 395, 442, 266, 282, 123, 531, 284, 342, 243, 151, 121, 533, 362, 423, 526, 238, 475, 583, 566, 311, 190, 7, 275, 343, 186, 589, 153, 10, 146, 251, 296, 47, 42, 232, 443, 57, 201, 108, 138, 135, 140, 456, 432, 161, 220, 573, 96, 393, 605, 333, 391, 492, 371, 382, 467, 323, 70, 202, 417, 50, 561, 66, 397, 115, 262, 319, 332, 271, 227, 503, 71, 196, 505, 537, 409, 230, 154, 472, 312, 23, 203, 11, 289, 336, 231, 455, 347, 255, 171, 459, 355, 304, 48, 261, 187, 320, 72, 223, 341, 528, 547, 348, 16, 471, 46, 129, 264, 520, 463, 65, 386, 117, 439, 611, 309, 497, 539, 207, 93, 224, 33, 82, 179, 64, 39, 421, 291, 603, 532, 78, 44, 38, 601, 490, 554, 317, 80, 299, 577, 92, 558, 21, 56, 130, 169, 590, 444, 100, 212, 596, 400, 415, 607, 483, 353, 158, 182, 134, 41, 233, 560, 216, 69, 297, 32, 379, 25, 90, 465, 356, 445, 114, 184, 504, 331, 152, 350]"
"[580, 403, 273, 582, 254, 277, 93, 581, 96, 602, 446, 47, 218, 282, 525, 483, 48, 549, 43, 565, 590, 205, 141, 306, 275, 309, 489, 516, 325, 301, 379, 532, 310, 268, 284, 419, 596, 184, 121, 170, 140, 211, 216, 612, 213, 431, 116, 248, 156, 231, 57, 449, 41, 472, 234, 179, 311, 251, 520, 570, 328, 196, 114, 89, 349, 457, 90, 172, 474, 126, 434, 412, 333, 1, 95, 385, 430, 380, 528, 20, 445, 55, 152, 506, 54, 400, 64, 304, 444, 232, 88, 559, 210, 17, 56, 499, 3, 253, 509, 296, 588, 387, 606, 144, 91, 187, 158, 482, 36, 515, 477, 207, 183, 143, 92, 27, 108, 137, 426, 160, 319, 51, 161, 547, 422, 383, 369, 215, 195, 495, 390, 224, 576, 191, 485, 339, 76, 393, 360, 523, 359, 8, 68, 300, 81, 433, 529, 78, 105, 252, 278, 19, 59, 244, 591, 574, 407, 279, 488, 355, 558, 436, 351, 368, 176, 354, 147, 202, 50, 545, 595, 221, 97, 128, 330, 401, 511, 240, 292, 394, 214, 194, 289, 410, 432, 455, 372, 536, 356, 206, 204, 189, 12, 478, 443, 323, 315, 45, 100, 521, 389, 262, 560, 460, 563, 98, 22, 531, 61, 348, 308, 442, 220, 492, 326, 471, 331, 579, 594, 512, 555, 5, 219, 440, 287, 487, 201, 190, 162, 146, 263, 180, 346, 507, 420, 169, 526, 239, 352, 593, 230, 2, 370, 508, 589, 604, 149, 175, 297, 493, 562, 150, 518, 222, 112, 494, 104, 465, 226, 127, 209, 357, 24, 111, 79, 83, 228, 294, 381, 391, 343, 69, 131, 318, 291, 274, 527, 4, 285, 365, 464, 463, 470, 258, 198, 382, 181, 459, 608, 344, 271, 320, 276, 167, 367, 421, 71, 168, 569, 46, 336, 600, 540, 23, 415, 193, 413, 358, 371, 264, 398, 63, 468, 501, 386, 469, 171, 286, 418, 450, 241, 238, 435, 513, 587, 522, 327, 542, 28, 10, 37, 402, 256, 342, 597, 552, 65, 462, 364, 447, 151, 345, 166, 340, 60, 49, 87, 70, 73, 312, 15, 165, 322, 245, 414, 109, 290, 177, 62, 411, 25, 376, 250, 610, 395, 341, 598, 106, 233, 541, 599, 16, 77, 399, 124, 551, 566, 490, 157, 267, 188, 295, 86, 417, 122, 236, 255, 533, 85, 74, 72, 377, 317, 438, 424, 514, 242, 102, 586, 130, 42, 229, 550, 539, 173, 123, 80, 270, 21, 466, 609, 607, 480, 573, 237, 247, 505, 428, 18, 404, 174, 397, 571, 243, 200, 353, 261]","[75, 119, 592, 129, 603, 429, 554, 497, 163, 335, 425, 9, 293, 408, 99, 479, 484, 38, 384, 307, 44, 451, 58, 107, 524, 467, 67, 26, 84, 197, 538, 132, 337, 31, 265, 7, 33, 332, 572, 39, 103, 461, 117, 452, 546, 473, 543, 502, 14, 11, 34, 486, 313, 498, 227, 557, 427, 544, 13, 29, 392, 575, 347, 561, 517, 266, 136, 299, 585, 203, 35, 272, 316, 378, 302, 153, 115, 583, 441, 519, 212, 142, 605, 281, 584, 350, 334, 235, 186, 305, 510, 503, 601, 66, 476, 113, 556, 120, 577, 101, 530, 249, 32, 259, 288, 611, 133, 361, 405, 217, 246, 535, 53, 373, 260, 439, 145, 182, 134, 553, 6, 423, 568, 178, 303, 52, 324, 500, 321, 456, 453, 548, 269, 458, 534, 491, 139, 578, 416, 496, 537, 504, 257, 138, 159, 448, 225, 94, 298, 110, 199, 208, 437, 406, 481, 154, 82, 148, 329, 223, 338, 118, 30, 164, 409, 125, 366, 388, 185, 363, 475, 374, 314, 454, 567, 564, 135, 375, 396, 362, 192, 283, 280, 40, 155]"
"[218, 196, 303, 351, 31, 320, 126, 507, 34, 81, 257, 86, 512, 569, 32, 224, 170, 120, 220, 573, 292, 233, 242, 469, 385, 135, 555, 479, 216, 44, 442, 415, 311, 238, 232, 550, 375, 597, 153, 389, 357, 162, 583, 69, 538, 441, 598, 6, 83, 98, 511, 124, 50, 55, 158, 255, 279, 364, 463, 112, 236, 478, 96, 49, 27, 519, 18, 23, 530, 324, 402, 60, 446, 127, 111, 508, 502, 582, 90, 526, 51, 559, 396, 453, 522, 203, 352, 455, 422, 534, 244, 25, 386, 600, 560, 137, 109, 8, 101, 430, 571, 212, 3, 45, 56, 276, 518, 245, 184, 369, 146, 544, 557, 155, 239, 524, 129, 427, 568, 566, 58, 125, 199, 254, 400, 47, 554, 19, 595, 578, 263, 383, 547, 376, 113, 41, 92, 486, 523, 133, 330, 285, 295, 567, 466, 460, 261, 30, 577, 179, 313, 288, 97, 353, 200, 197, 193, 562, 355, 416, 37, 1, 551, 95, 611, 211, 513, 266, 548, 128, 116, 12, 151, 594, 87, 290, 234, 306, 119, 408, 104, 579, 336, 449, 476, 61, 121, 223, 419, 498, 39, 322, 610, 590, 591, 373, 84, 398, 470, 377, 325, 154, 148, 188, 110, 316, 506, 388, 22, 409, 368, 165, 99, 465, 174, 272, 412, 88, 190, 259, 327, 406, 106, 341, 298, 77, 490, 367, 492, 420, 195, 326, 185, 7, 219, 241, 248, 36, 488, 395, 525, 149, 605, 314, 521, 387, 436, 140, 425, 67, 342, 549, 114, 143, 209, 269, 576, 118, 228, 570, 539, 603, 483, 433, 517, 431, 601, 139, 545, 586, 100, 189, 16, 468, 33, 117, 390, 164, 40, 423, 473, 14, 43, 536, 452, 305, 273, 587, 588, 349, 302, 592, 192, 108, 531, 71, 602, 437, 277, 260, 246, 589, 205, 438, 237, 546, 359, 370, 494, 307, 181, 584, 82, 267, 606, 575, 178, 564, 520, 270, 593, 474, 337, 487, 497, 4, 5, 214, 35, 309, 46, 281, 558, 256, 204, 609, 505, 131, 317, 435, 462, 565, 315, 417, 173, 78, 63, 271, 527, 329, 252, 333, 169, 482, 145, 580, 552, 493, 144, 159, 596, 321, 556, 335, 599, 347, 235, 481, 301, 186, 447, 282, 64, 495, 202, 300, 413, 85, 374, 283, 28, 444, 458, 66, 175, 450, 76, 356, 274, 15, 275, 428, 471, 132, 581, 59, 543, 424, 514, 221, 250, 17, 2, 191, 485, 354, 323, 318, 115, 20, 48, 503, 93, 141, 457, 293, 414, 222, 358, 501, 152, 572, 378, 198, 461, 70, 379]","[163, 363, 299, 13, 361, 401, 515, 251, 264, 532, 142, 227, 426, 365, 26, 459, 42, 372, 484, 80, 607, 540, 404, 183, 94, 207, 201, 171, 206, 180, 509, 231, 11, 65, 54, 105, 439, 421, 529, 213, 297, 167, 489, 24, 79, 604, 360, 381, 89, 339, 166, 332, 68, 187, 345, 464, 10, 394, 168, 533, 516, 561, 510, 280, 477, 563, 52, 334, 74, 247, 312, 411, 472, 123, 134, 210, 403, 350, 371, 467, 102, 500, 147, 291, 445, 382, 574, 73, 294, 443, 542, 405, 286, 130, 29, 225, 344, 157, 434, 608, 537, 585, 541, 338, 392, 391, 208, 304, 343, 194, 57, 475, 429, 296, 440, 243, 348, 156, 258, 310, 249, 53, 366, 136, 319, 177, 91, 451, 278, 265, 432, 287, 384, 107, 496, 172, 262, 9, 448, 410, 553, 226, 346, 491, 397, 217, 456, 308, 253, 289, 535, 72, 399, 62, 160, 240, 268, 150, 407, 122, 612, 454, 499, 176, 528, 182, 38, 393, 362, 161, 229, 215, 75, 380, 284, 504, 21, 103, 230, 340, 331, 480, 138, 328, 418]"
"[108, 122, 212, 549, 490, 14, 100, 444, 241, 339, 98, 510, 446, 229, 249, 126, 564, 190, 267, 66, 73, 585, 213, 230, 210, 492, 605, 248, 385, 578, 120, 499, 551, 329, 218, 11, 207, 351, 48, 288, 357, 504, 274, 266, 17, 481, 86, 42, 416, 372, 470, 350, 371, 529, 424, 194, 102, 61, 462, 192, 461, 383, 495, 501, 7, 170, 40, 94, 354, 287, 43, 5, 155, 187, 265, 396, 575, 508, 538, 182, 368, 518, 442, 399, 535, 404, 460, 235, 500, 290, 422, 356, 570, 233, 409, 197, 345, 362, 193, 571, 125, 401, 228, 175, 398, 433, 289, 22, 251, 330, 227, 169, 566, 599, 581, 245, 324, 471, 534, 32, 276, 567, 474, 196, 306, 130, 198, 50, 363, 352, 161, 528, 138, 299, 258, 238, 373, 489, 320, 539, 107, 1, 465, 88, 323, 325, 413, 71, 53, 559, 303, 163, 536, 600, 10, 346, 25, 554, 106, 449, 563, 31, 394, 487, 26, 550, 261, 560, 335, 341, 516, 580, 376, 402, 573, 603, 246, 269, 513, 65, 342, 380, 403, 166, 521, 344, 298, 244, 145, 90, 282, 137, 400, 236, 284, 561, 419, 41, 537, 262, 63, 277, 195, 109, 171, 557, 204, 148, 506, 47, 594, 397, 153, 185, 503, 475, 415, 39, 441, 167, 58, 568, 421, 435, 224, 572, 367, 181, 505, 526, 183, 497, 279, 438, 281, 386, 317, 602, 37, 307, 532, 8, 177, 447, 455, 33, 105, 38, 250, 348, 305, 304, 384, 134, 165, 254, 609, 321, 607, 15, 338, 110, 263, 408, 431, 300, 45, 101, 202, 172, 347, 577, 54, 131, 301, 135, 82, 275, 543, 523, 576, 95, 359, 144, 591, 232, 79, 121, 55, 606, 180, 611, 418, 454, 20, 556, 221, 322, 312, 243, 369, 601, 608, 542, 30, 253, 220, 540, 205, 326, 450, 308, 28, 494, 485, 59, 596, 337, 96, 310, 451, 136, 486, 127, 612, 162, 583, 93, 597, 468, 85, 160, 509, 582, 405, 517, 247, 260, 214, 211, 414, 176, 452, 507, 610, 103, 231, 313, 280, 440, 604, 111, 46, 459, 123, 327, 457, 264, 68, 512, 84, 430, 242, 562, 89, 152, 425, 273, 118, 112, 91, 35, 34, 530, 427, 548, 149, 62, 6, 302, 428, 151, 67, 97, 159, 488, 99, 188, 178, 484, 436, 453, 36, 174, 410, 426, 552, 200, 448, 491, 456, 592, 527, 545, 168, 547, 16, 318, 70, 44, 558, 3, 333, 294, 434, 364, 296, 479, 598, 593, 432, 104, 445, 226, 293, 113, 498]","[4, 544, 23, 78, 472, 395, 336, 278, 143, 51, 353, 268, 375, 257, 216, 219, 139, 555, 388, 417, 355, 334, 389, 569, 142, 309, 514, 206, 476, 469, 519, 443, 81, 379, 49, 412, 525, 286, 179, 584, 349, 124, 129, 140, 186, 29, 157, 27, 191, 272, 390, 57, 72, 240, 316, 83, 522, 209, 332, 331, 467, 295, 377, 117, 520, 283, 381, 9, 87, 150, 565, 464, 116, 319, 463, 13, 423, 480, 24, 382, 392, 252, 208, 595, 437, 18, 259, 483, 553, 141, 234, 466, 201, 164, 128, 133, 587, 477, 493, 189, 546, 64, 541, 199, 590, 391, 531, 533, 76, 92, 285, 223, 406, 215, 496, 370, 588, 314, 119, 524, 60, 340, 203, 361, 154, 69, 291, 225, 12, 358, 217, 271, 56, 297, 315, 115, 365, 270, 114, 146, 19, 407, 158, 411, 393, 458, 75, 52, 311, 256, 511, 222, 74, 360, 387, 184, 589, 77, 374, 515, 574, 343, 173, 478, 292, 80, 482, 473, 237, 21, 586, 328, 2, 420, 429, 579, 255, 366, 156, 502, 439, 378, 239, 147, 132]"
"[518, 235, 168, 530, 158, 538, 285, 524, 514, 274, 357, 253, 372, 421, 12, 121, 522, 32, 586, 498, 317, 519, 128, 106, 277, 323, 483, 197, 35, 444, 190, 557, 86, 78, 440, 71, 480, 204, 491, 200, 342, 163, 143, 433, 209, 397, 135, 243, 496, 240, 53, 415, 488, 272, 170, 72, 120, 306, 228, 486, 461, 54, 169, 583, 464, 596, 268, 151, 374, 340, 4, 109, 324, 103, 206, 33, 321, 571, 584, 287, 550, 213, 41, 563, 350, 454, 347, 567, 39, 575, 380, 283, 429, 65, 394, 129, 104, 573, 31, 23, 408, 595, 572, 610, 576, 500, 193, 536, 597, 113, 22, 503, 316, 534, 507, 91, 194, 245, 303, 435, 605, 273, 368, 60, 186, 513, 265, 93, 328, 96, 49, 155, 320, 337, 288, 588, 442, 141, 322, 159, 499, 51, 133, 131, 164, 52, 275, 314, 160, 90, 517, 423, 29, 477, 192, 154, 593, 311, 430, 545, 179, 300, 535, 8, 211, 371, 220, 384, 147, 249, 598, 188, 257, 529, 137, 5, 212, 119, 175, 521, 473, 185, 254, 50, 422, 387, 75, 547, 84, 223, 390, 377, 214, 333, 544, 506, 25, 219, 234, 122, 382, 42, 355, 432, 523, 302, 284, 360, 57, 361, 24, 568, 449, 459, 592, 389, 80, 492, 207, 81, 270, 577, 34, 540, 195, 198, 559, 140, 494, 562, 134, 174, 505, 79, 485, 354, 396, 77, 125, 386, 579, 244, 400, 310, 542, 296, 64, 282, 43, 602, 554, 537, 127, 178, 375, 27, 9, 531, 339, 560, 73, 55, 162, 145, 399, 549, 246, 412, 443, 508, 455, 509, 229, 37, 3, 255, 351, 111, 606, 343, 218, 391, 388, 581, 591, 439, 236, 226, 298, 286, 315, 532, 504, 611, 565, 242, 344, 15, 428, 88, 566, 402, 470, 261, 67, 373, 172, 348, 94, 403, 345, 404, 462, 153, 264, 556, 603, 414, 61, 225, 352, 437, 574, 278, 434, 82, 92, 329, 452, 238, 569, 612, 460, 95, 59, 102, 319, 417, 479, 48, 291, 150, 299, 28, 107, 578, 101, 166, 318, 83, 116, 161, 14, 525, 258, 230, 203, 40, 327, 115, 366, 148, 420, 330, 267, 533, 407, 359, 453, 269, 481, 335, 401, 609, 114, 336, 251, 405, 295, 117, 441, 425, 266, 215, 132, 184, 445, 301, 608, 74, 458, 196, 474, 463, 427, 6, 489, 551, 173, 63, 580, 341, 110, 346, 546, 312, 208, 292, 365, 501, 231, 451, 495, 30, 89, 334, 476, 294, 183, 38, 332, 487, 362, 56, 136, 541, 448]","[450, 308, 248, 241, 409, 149, 247, 177, 256, 156, 221, 98, 367, 259, 582, 199, 146, 1, 561, 210, 436, 358, 44, 16, 87, 68, 18, 406, 304, 381, 202, 201, 594, 510, 599, 607, 392, 364, 475, 471, 331, 467, 139, 112, 58, 69, 99, 167, 600, 502, 100, 216, 555, 70, 232, 290, 585, 370, 353, 469, 590, 369, 76, 11, 527, 152, 465, 239, 7, 19, 217, 478, 378, 97, 66, 142, 484, 520, 426, 338, 466, 393, 227, 271, 233, 395, 539, 446, 279, 456, 124, 589, 516, 262, 349, 379, 490, 144, 419, 376, 305, 165, 564, 222, 515, 126, 604, 431, 511, 176, 276, 280, 191, 180, 313, 105, 512, 424, 398, 482, 205, 281, 526, 21, 260, 2, 297, 263, 293, 289, 17, 181, 26, 418, 20, 548, 130, 326, 307, 553, 250, 13, 62, 447, 493, 528, 309, 438, 182, 570, 552, 237, 171, 252, 123, 363, 189, 457, 558, 543, 497, 10, 587, 356, 157, 85, 601, 45, 108, 472, 325, 118, 47, 413, 36, 468, 416, 138, 410, 187, 385, 383, 411, 46, 224]"
"[530, 564, 570, 106, 437, 429, 313, 9, 516, 16, 434, 468, 13, 49, 240, 399, 215, 88, 487, 187, 594, 29, 239, 561, 6, 35, 274, 204, 270, 23, 375, 578, 252, 541, 283, 81, 475, 211, 450, 14, 89, 136, 102, 499, 150, 435, 508, 277, 489, 139, 186, 577, 493, 464, 517, 394, 144, 87, 392, 545, 121, 24, 272, 306, 527, 178, 293, 509, 360, 305, 99, 251, 65, 273, 45, 5, 20, 414, 7, 263, 484, 603, 391, 249, 316, 590, 248, 37, 194, 10, 522, 318, 255, 110, 55, 127, 157, 439, 129, 117, 419, 490, 96, 557, 501, 232, 436, 413, 478, 412, 342, 428, 503, 50, 424, 70, 546, 209, 335, 212, 397, 276, 608, 504, 407, 326, 80, 518, 371, 257, 420, 208, 265, 57, 26, 535, 418, 553, 301, 315, 33, 247, 130, 356, 552, 336, 168, 32, 177, 456, 184, 357, 368, 241, 378, 340, 51, 480, 331, 323, 370, 348, 228, 234, 540, 512, 299, 236, 427, 565, 514, 347, 327, 560, 462, 605, 529, 611, 296, 85, 351, 402, 226, 533, 60, 179, 120, 401, 338, 201, 398, 543, 308, 282, 143, 231, 108, 289, 52, 11, 526, 538, 278, 452, 91, 446, 84, 384, 67, 460, 575, 572, 559, 528, 366, 148, 182, 245, 363, 433, 192, 586, 219, 31, 425, 438, 562, 68, 205, 259, 379, 381, 222, 395, 170, 63, 587, 495, 549, 22, 107, 111, 279, 135, 114, 233, 322, 264, 275, 169, 224, 298, 196, 172, 364, 609, 443, 200, 576, 176, 69, 268, 41, 406, 312, 317, 610, 128, 411, 180, 551, 303, 77, 287, 140, 162, 124, 588, 266, 612, 448, 599, 56, 520, 125, 579, 532, 309, 542, 246, 483, 271, 471, 595, 583, 220, 386, 569, 115, 158, 390, 544, 465, 145, 2, 445, 166, 567, 151, 536, 141, 461, 95, 197, 159, 337, 25, 59, 442, 556, 374, 505, 355, 105, 352, 328, 320, 165, 71, 524, 321, 34, 511, 75, 459, 497, 474, 97, 153, 286, 405, 332, 152, 388, 444, 423, 46, 134, 404, 203, 174, 457, 531, 314, 73, 455, 261, 339, 408, 43, 160, 118, 104, 237, 164, 206, 554, 463, 573, 218, 469, 39, 294, 488, 373, 119, 523, 396, 377, 534, 297, 449, 221, 358, 596, 597, 454, 185, 21, 350, 525, 133, 202, 492, 555, 571, 260, 513, 229, 207, 113, 267, 64, 376, 291, 122, 28, 477, 481, 349, 116, 410, 476, 598, 580, 74, 601, 58, 8, 382, 98, 602, 482, 440, 254, 302, 585]","[417, 4, 1, 262, 432, 290, 288, 472, 76, 584, 90, 548, 519, 498, 353, 311, 161, 171, 421, 193, 18, 92, 591, 365, 473, 112, 280, 324, 329, 188, 149, 330, 83, 61, 403, 494, 325, 521, 137, 307, 195, 198, 173, 147, 82, 27, 574, 359, 181, 138, 383, 78, 422, 333, 101, 592, 441, 372, 167, 346, 213, 253, 191, 362, 79, 285, 470, 607, 53, 131, 163, 385, 223, 341, 558, 491, 400, 19, 568, 319, 409, 430, 66, 142, 539, 606, 15, 100, 416, 199, 387, 566, 72, 243, 304, 334, 547, 380, 343, 502, 284, 485, 40, 550, 250, 467, 466, 189, 30, 361, 369, 431, 38, 537, 132, 604, 507, 510, 244, 156, 426, 126, 563, 367, 154, 103, 451, 183, 344, 242, 389, 269, 581, 93, 210, 600, 48, 94, 216, 589, 582, 36, 217, 214, 479, 62, 354, 593, 300, 47, 393, 146, 415, 227, 238, 486, 86, 496, 190, 256, 281, 155, 17, 447, 3, 12, 42, 345, 506, 225, 123, 515, 175, 458, 453, 295, 500, 230, 109, 258, 44, 310, 292, 54, 235]"
"[505, 547, 123, 417, 102, 337, 207, 308, 397, 233, 117, 288, 474, 574, 93, 551, 301, 46, 105, 13, 41, 31, 553, 283, 150, 526, 304, 476, 587, 487, 16, 228, 455, 38, 375, 90, 431, 77, 72, 385, 55, 17, 494, 201, 515, 382, 364, 59, 138, 501, 73, 366, 127, 20, 518, 216, 588, 540, 188, 586, 336, 291, 569, 390, 254, 229, 95, 159, 197, 32, 143, 413, 432, 407, 335, 172, 224, 114, 140, 519, 401, 347, 604, 516, 311, 181, 512, 566, 248, 373, 202, 238, 111, 43, 218, 446, 227, 144, 298, 393, 214, 537, 514, 545, 499, 14, 402, 533, 212, 456, 297, 346, 507, 273, 360, 528, 158, 135, 570, 113, 429, 246, 247, 421, 532, 378, 535, 100, 209, 488, 508, 174, 132, 605, 309, 581, 64, 148, 22, 126, 362, 439, 396, 389, 257, 45, 414, 295, 141, 84, 405, 178, 52, 292, 324, 477, 193, 24, 180, 302, 470, 538, 423, 502, 15, 437, 204, 441, 87, 280, 503, 259, 448, 171, 565, 305, 416, 250, 577, 98, 578, 69, 284, 268, 511, 458, 40, 58, 457, 176, 163, 205, 86, 271, 187, 9, 353, 203, 380, 400, 427, 23, 330, 319, 497, 232, 219, 121, 555, 409, 459, 420, 149, 290, 387, 479, 244, 384, 263, 76, 589, 169, 425, 556, 436, 572, 561, 536, 404, 434, 286, 500, 252, 63, 56, 552, 296, 294, 349, 7, 67, 363, 267, 97, 321, 418, 191, 462, 471, 323, 449, 607, 37, 262, 79, 167, 344, 465, 2, 253, 342, 473, 598, 345, 241, 242, 287, 3, 600, 318, 481, 71, 152, 50, 131, 189, 80, 334, 493, 124, 557, 584, 133, 314, 348, 103, 153, 49, 564, 211, 274, 358, 328, 492, 26, 236, 234, 134, 30, 217, 524, 74, 590, 597, 454, 82, 128, 398, 186, 208, 394, 192, 467, 354, 531, 142, 550, 447, 5, 230, 70, 101, 245, 426, 185, 99, 162, 469, 94, 27, 206, 371, 261, 239, 8, 177, 332, 68, 368, 42, 116, 365, 381, 312, 281, 168, 521, 370, 276, 260, 350, 119, 313, 468, 264, 529, 29, 303, 486, 19, 608, 75, 51, 483, 403, 265, 225, 57, 419, 83, 33, 249, 453, 343, 377, 166, 54, 568, 156, 411, 355, 609, 596, 173, 392, 338, 610, 562, 361, 199, 485, 410, 146, 506, 520, 544, 237, 595, 231, 367, 106, 559, 513, 383, 466, 275, 240, 270, 36, 612, 594, 226, 372, 278, 498, 89, 179, 478, 412, 222, 108, 258, 576, 542, 223, 195, 379]","[539, 279, 444, 440, 339, 78, 293, 81, 580, 164, 243, 256, 34, 44, 161, 601, 472, 602, 11, 452, 341, 35, 391, 61, 272, 376, 326, 118, 157, 213, 12, 543, 463, 325, 374, 109, 289, 549, 415, 266, 66, 460, 408, 327, 165, 196, 438, 464, 147, 480, 18, 285, 112, 422, 6, 451, 395, 611, 39, 269, 523, 53, 107, 603, 582, 306, 386, 430, 351, 120, 251, 357, 583, 85, 356, 200, 300, 198, 310, 322, 445, 585, 122, 60, 104, 136, 560, 137, 155, 340, 160, 571, 182, 482, 10, 1, 399, 21, 220, 359, 215, 25, 170, 593, 91, 491, 509, 110, 190, 606, 573, 282, 510, 316, 541, 517, 235, 433, 48, 548, 599, 575, 563, 495, 406, 139, 450, 96, 329, 527, 221, 183, 428, 579, 129, 125, 151, 475, 4, 369, 115, 277, 534, 255, 175, 522, 47, 567, 88, 490, 62, 461, 317, 333, 592, 352, 154, 558, 504, 65, 424, 591, 489, 530, 130, 194, 484, 525, 554, 331, 315, 435, 184, 320, 307, 442, 210, 496, 28, 145, 388, 443, 546, 92, 299]"
"[22, 246, 215, 291, 310, 414, 322, 498, 378, 154, 273, 548, 101, 71, 143, 54, 190, 449, 265, 44, 566, 127, 370, 217, 192, 463, 151, 407, 325, 519, 361, 545, 549, 372, 522, 45, 383, 41, 317, 431, 232, 99, 553, 98, 429, 364, 209, 352, 123, 365, 286, 487, 287, 82, 610, 293, 241, 605, 514, 10, 354, 506, 115, 335, 276, 188, 134, 61, 79, 302, 395, 39, 220, 602, 504, 389, 380, 97, 441, 18, 171, 550, 590, 4, 275, 520, 529, 516, 433, 176, 37, 165, 476, 432, 367, 401, 114, 430, 157, 199, 541, 391, 253, 131, 482, 538, 470, 494, 83, 437, 321, 528, 27, 339, 332, 534, 574, 609, 479, 191, 559, 132, 347, 377, 292, 76, 277, 502, 336, 146, 148, 202, 187, 532, 468, 478, 526, 261, 272, 513, 416, 355, 390, 351, 201, 86, 369, 425, 521, 145, 137, 418, 557, 173, 316, 471, 304, 301, 222, 93, 485, 363, 571, 38, 551, 314, 423, 96, 105, 129, 405, 326, 422, 408, 141, 242, 400, 243, 403, 596, 445, 512, 388, 32, 245, 318, 518, 597, 443, 184, 51, 43, 206, 456, 452, 108, 598, 90, 9, 387, 546, 348, 583, 523, 535, 495, 397, 112, 256, 484, 607, 346, 119, 138, 424, 313, 398, 169, 60, 255, 221, 72, 200, 197, 374, 366, 30, 584, 338, 606, 358, 493, 182, 164, 359, 135, 604, 62, 373, 282, 55, 455, 544, 486, 393, 454, 578, 240, 368, 133, 100, 323, 434, 254, 409, 567, 68, 109, 121, 189, 267, 515, 231, 599, 375, 307, 144, 26, 474, 396, 195, 411, 345, 149, 490, 167, 556, 569, 284, 511, 89, 228, 238, 438, 269, 226, 603, 285, 342, 360, 52, 263, 319, 73, 350, 594, 320, 152, 162, 500, 601, 290, 458, 410, 379, 525, 461, 258, 448, 446, 136, 508, 299, 178, 58, 540, 562, 15, 234, 172, 33, 279, 63, 36, 593, 251, 50, 6, 8, 186, 406, 229, 2, 581, 554, 91, 85, 340, 19, 78, 376, 343, 42, 88, 211, 481, 140, 573, 460, 12, 324, 118, 300, 436, 250, 451, 582, 111, 462, 3, 552, 312, 163, 334, 384, 264, 203, 595, 194, 531, 239, 237, 392, 309, 128, 489, 295, 158, 5, 142, 281, 296, 47, 212, 81, 110, 280, 64, 248, 24, 150, 117, 67, 31, 102, 575, 473, 587, 439, 427, 563, 23, 174, 244, 17, 29, 344, 155, 539, 530, 156, 35, 386, 349, 283, 491, 28, 153, 161, 230, 459, 537, 233, 65, 330, 547, 457]","[224, 56, 298, 252, 477, 14, 469, 362, 543, 270, 213, 180, 198, 308, 564, 608, 92, 193, 435, 328, 107, 59, 480, 25, 565, 560, 1, 289, 412, 183, 453, 404, 7, 402, 501, 568, 353, 70, 611, 168, 558, 586, 305, 48, 84, 333, 413, 415, 555, 214, 170, 517, 247, 499, 259, 113, 536, 385, 20, 572, 260, 40, 394, 527, 185, 11, 69, 315, 381, 196, 223, 472, 94, 417, 466, 53, 327, 204, 419, 356, 95, 181, 49, 66, 166, 219, 464, 600, 87, 561, 120, 205, 235, 329, 426, 271, 227, 483, 440, 130, 139, 570, 503, 542, 576, 159, 207, 122, 236, 216, 420, 179, 507, 371, 21, 475, 357, 177, 467, 450, 257, 34, 447, 585, 311, 341, 337, 103, 278, 465, 591, 331, 288, 262, 488, 442, 428, 208, 274, 579, 589, 577, 297, 266, 268, 492, 77, 588, 218, 16, 421, 612, 444, 510, 399, 104, 294, 46, 74, 160, 509, 175, 106, 57, 303, 126, 116, 124, 505, 75, 580, 306, 125, 592, 249, 533, 80, 497, 524, 496, 382, 147, 225, 210, 13]"
"[425, 277, 190, 74, 359, 56, 126, 173, 46, 275, 187, 98, 486, 514, 543, 80, 303, 110, 165, 251, 114, 542, 410, 174, 504, 93, 199, 610, 100, 472, 91, 279, 313, 5, 320, 450, 512, 75, 329, 533, 30, 568, 346, 19, 81, 530, 564, 57, 177, 529, 289, 491, 210, 321, 50, 310, 606, 394, 196, 549, 225, 41, 22, 97, 134, 385, 161, 204, 319, 500, 185, 488, 556, 340, 169, 584, 152, 330, 581, 308, 121, 171, 603, 470, 572, 267, 342, 462, 361, 553, 539, 380, 221, 23, 522, 65, 176, 233, 506, 471, 156, 284, 268, 286, 285, 7, 291, 274, 495, 125, 26, 103, 249, 16, 547, 435, 90, 99, 507, 203, 248, 72, 239, 172, 261, 531, 409, 85, 442, 327, 71, 318, 605, 120, 101, 445, 335, 306, 132, 566, 229, 403, 350, 597, 131, 167, 14, 499, 451, 118, 78, 142, 432, 585, 301, 200, 477, 212, 247, 569, 365, 460, 360, 52, 590, 336, 502, 155, 63, 607, 354, 448, 521, 511, 520, 454, 106, 25, 364, 244, 157, 382, 467, 163, 405, 136, 552, 400, 264, 182, 391, 397, 372, 166, 38, 288, 417, 384, 331, 227, 396, 79, 469, 463, 252, 8, 217, 473, 287, 32, 554, 583, 298, 60, 536, 392, 250, 574, 242, 323, 555, 241, 449, 73, 102, 92, 326, 601, 414, 357, 551, 137, 159, 532, 138, 191, 234, 150, 139, 24, 599, 358, 273, 260, 538, 222, 404, 170, 278, 608, 548, 201, 510, 115, 465, 493, 20, 457, 28, 211, 550, 62, 271, 402, 67, 293, 257, 37, 149, 144, 612, 236, 325, 1, 480, 119, 205, 256, 602, 526, 381, 341, 430, 334, 578, 376, 408, 311, 160, 12, 519, 492, 246, 446, 186, 147, 180, 474, 347, 232, 596, 86, 535, 362, 276, 406, 179, 31, 517, 96, 545, 468, 575, 282, 453, 194, 434, 458, 195, 459, 88, 58, 593, 265, 324, 482, 595, 604, 10, 427, 175, 484, 563, 452, 571, 591, 577, 611, 509, 426, 322, 455, 299, 309, 214, 386, 316, 370, 353, 586, 407, 82, 207, 487, 518, 133, 59, 105, 352, 464, 479, 111, 2, 240, 183, 146, 189, 494, 557, 69, 587, 280, 424, 561, 162, 398, 609, 570, 296, 218, 129, 283, 17, 489, 524, 481, 158, 333, 153, 508, 193, 255, 540, 184, 573, 528, 562, 290, 154, 437, 11, 122, 558, 305, 245, 441, 371, 343, 44, 594, 307, 582, 496, 48, 579, 388, 589, 399, 439, 83, 215, 6, 476, 418, 43, 181, 68]","[576, 42, 281, 456, 29, 368, 108, 259, 226, 377, 117, 104, 116, 216, 188, 178, 546, 592, 401, 197, 411, 224, 54, 39, 45, 429, 419, 315, 40, 600, 33, 198, 9, 220, 148, 141, 151, 262, 447, 421, 27, 213, 541, 253, 440, 258, 378, 374, 433, 15, 95, 64, 513, 466, 356, 35, 332, 270, 47, 209, 294, 295, 338, 565, 107, 223, 84, 124, 501, 89, 94, 379, 70, 355, 416, 112, 55, 485, 363, 109, 302, 503, 254, 415, 49, 525, 21, 312, 348, 375, 393, 395, 537, 428, 231, 523, 292, 127, 300, 387, 559, 269, 208, 373, 516, 206, 345, 128, 490, 130, 580, 544, 366, 219, 483, 230, 475, 243, 497, 423, 560, 461, 113, 76, 18, 304, 235, 328, 238, 140, 61, 369, 339, 266, 143, 351, 164, 192, 431, 383, 272, 598, 413, 263, 314, 505, 390, 344, 51, 145, 66, 13, 443, 389, 168, 444, 422, 53, 135, 337, 123, 478, 349, 297, 436, 77, 237, 317, 567, 515, 588, 438, 228, 367, 87, 412, 36, 34, 3, 4, 527, 202, 498, 420, 534]"
"[483, 486, 504, 222, 553, 301, 135, 583, 214, 375, 321, 87, 116, 546, 358, 292, 5, 547, 420, 403, 171, 270, 7, 51, 254, 230, 279, 600, 542, 589, 406, 588, 464, 404, 44, 452, 470, 468, 354, 54, 385, 92, 290, 162, 231, 597, 341, 300, 472, 373, 453, 30, 81, 360, 147, 266, 1, 521, 210, 224, 3, 356, 69, 55, 90, 265, 21, 449, 559, 499, 62, 516, 491, 357, 331, 9, 146, 313, 161, 174, 517, 377, 330, 412, 400, 219, 39, 238, 24, 506, 274, 82, 303, 414, 456, 432, 565, 282, 568, 374, 194, 119, 462, 555, 155, 189, 540, 153, 151, 592, 247, 518, 534, 426, 159, 475, 441, 492, 522, 2, 182, 478, 388, 121, 252, 332, 484, 64, 532, 53, 612, 558, 570, 122, 35, 306, 273, 346, 587, 502, 183, 329, 407, 97, 476, 550, 442, 93, 411, 318, 12, 327, 305, 391, 107, 120, 200, 288, 393, 523, 428, 425, 115, 498, 580, 46, 564, 275, 551, 278, 543, 447, 513, 563, 348, 29, 294, 379, 113, 221, 310, 158, 33, 98, 232, 65, 114, 184, 526, 317, 125, 139, 296, 176, 262, 389, 562, 27, 603, 487, 167, 594, 217, 127, 80, 552, 180, 427, 170, 136, 268, 370, 140, 440, 596, 57, 157, 378, 325, 60, 213, 150, 102, 299, 227, 431, 362, 34, 458, 477, 535, 10, 206, 297, 556, 165, 494, 529, 500, 14, 160, 236, 16, 83, 188, 539, 70, 104, 211, 308, 41, 438, 59, 86, 28, 246, 218, 581, 508, 512, 4, 405, 399, 190, 96, 185, 235, 368, 137, 382, 408, 315, 173, 31, 133, 524, 326, 154, 481, 402, 602, 320, 6, 302, 479, 105, 510, 489, 191, 557, 131, 337, 501, 584, 181, 52, 437, 50, 132, 384, 72, 237, 228, 467, 435, 434, 263, 208, 413, 530, 444, 515, 285, 23, 220, 576, 314, 471, 251, 401, 416, 20, 424, 250, 323, 531, 286, 383, 579, 599, 396, 367, 334, 497, 56, 196, 145, 63, 324, 149, 99, 482, 443, 148, 572, 123, 109, 73, 605, 554, 519, 372, 85, 394, 606, 450, 283, 363, 392, 287, 342, 18, 156, 244, 43, 507, 541, 417, 457, 511, 225, 381, 32, 298, 193, 340, 350, 574, 455, 272, 76, 490, 164, 40, 203, 582, 566, 201, 312, 544, 474, 256, 202, 351, 451, 460, 461, 77, 175, 503, 387, 571, 142, 480, 436, 186, 207, 291, 380, 495, 245, 567, 42, 204, 335, 604, 79, 395, 117, 112, 177, 366, 13, 423, 198, 71, 466]","[239, 390, 601, 607, 47, 267, 58, 26, 355, 95, 560, 454, 578, 253, 152, 271, 89, 199, 260, 595, 128, 280, 473, 88, 573, 445, 410, 359, 591, 548, 505, 311, 258, 352, 608, 598, 344, 248, 233, 338, 295, 448, 243, 537, 328, 409, 134, 163, 168, 397, 422, 67, 349, 353, 520, 561, 8, 215, 304, 485, 264, 36, 439, 277, 364, 61, 528, 347, 527, 195, 212, 100, 525, 433, 590, 118, 386, 143, 84, 108, 316, 15, 376, 465, 307, 319, 446, 141, 322, 293, 418, 78, 91, 496, 129, 197, 538, 281, 593, 361, 49, 610, 106, 343, 569, 94, 336, 166, 430, 533, 11, 111, 545, 216, 421, 259, 276, 333, 575, 19, 371, 509, 22, 126, 240, 110, 234, 124, 144, 261, 179, 469, 429, 75, 130, 38, 549, 611, 229, 223, 398, 577, 66, 25, 255, 103, 74, 257, 345, 309, 242, 209, 609, 488, 369, 419, 284, 586, 48, 101, 192, 172, 339, 249, 536, 514, 138, 289, 463, 241, 169, 37, 45, 68, 365, 415, 585, 205, 17, 493, 269, 226, 459, 178, 187]"
"[509, 35, 560, 331, 373, 482, 168, 149, 260, 326, 464, 93, 403, 60, 437, 228, 363, 579, 559, 227, 160, 440, 395, 152, 580, 351, 349, 335, 511, 309, 541, 198, 604, 51, 390, 318, 22, 279, 515, 74, 174, 451, 401, 104, 416, 102, 387, 166, 137, 38, 105, 596, 611, 457, 147, 374, 587, 200, 71, 303, 197, 229, 480, 173, 206, 548, 32, 433, 434, 191, 29, 409, 313, 90, 476, 370, 510, 445, 95, 496, 19, 242, 59, 205, 538, 312, 146, 285, 52, 540, 589, 172, 20, 140, 334, 211, 57, 368, 81, 82, 319, 382, 69, 236, 73, 348, 321, 131, 410, 47, 15, 148, 189, 30, 265, 237, 217, 292, 350, 190, 444, 139, 521, 545, 576, 340, 588, 68, 503, 55, 109, 257, 83, 534, 243, 581, 97, 385, 2, 490, 582, 192, 7, 524, 87, 253, 244, 481, 66, 342, 461, 167, 6, 136, 501, 121, 562, 427, 218, 271, 278, 247, 171, 317, 479, 356, 91, 153, 539, 107, 564, 561, 33, 9, 402, 315, 178, 128, 450, 584, 529, 392, 48, 182, 471, 572, 594, 499, 301, 209, 516, 354, 372, 193, 289, 157, 346, 239, 605, 488, 487, 424, 360, 316, 603, 608, 526, 50, 44, 251, 598, 383, 252, 233, 26, 525, 458, 578, 213, 154, 96, 246, 495, 528, 100, 108, 552, 296, 283, 268, 429, 99, 274, 16, 70, 423, 563, 591, 212, 362, 276, 259, 234, 347, 61, 203, 494, 530, 18, 550, 304, 532, 388, 557, 590, 183, 270, 519, 418, 400, 305, 195, 27, 355, 404, 248, 542, 31, 207, 568, 492, 4, 179, 422, 241, 92, 232, 543, 396, 484, 536, 250, 377, 298, 117, 585, 134, 307, 327, 156, 13, 159, 371, 132, 225, 322, 110, 17, 8, 428, 380, 281, 78, 293, 254, 583, 111, 376, 262, 162, 196, 462, 477, 62, 547, 12, 491, 512, 115, 430, 339, 144, 599, 569, 77, 435, 223, 80, 474, 352, 287, 245, 417, 113, 272, 544, 141, 432, 505, 338, 575, 208, 465, 199, 261, 546, 375, 405, 343, 567, 79, 282, 231, 3, 163, 577, 320, 277, 222, 23, 600, 122, 56, 398, 527, 337, 419, 1, 478, 151, 255, 127, 310, 58, 447, 325, 336, 176, 500, 411, 408, 98, 593, 341, 224, 520, 284, 463, 553, 498, 235, 103, 85, 185, 177, 5, 366, 175, 425, 565, 502, 53, 164, 186, 314, 42, 170, 493, 76, 328, 359, 75, 269, 535, 361, 507, 514, 116, 466, 323, 36, 420, 330, 290, 353, 473, 306]","[531, 602, 378, 413, 226, 485, 219, 25, 415, 54, 522, 249, 506, 386, 120, 436, 606, 365, 460, 14, 267, 275, 426, 126, 49, 566, 533, 384, 41, 184, 65, 72, 220, 204, 610, 467, 266, 379, 258, 601, 558, 300, 123, 37, 169, 181, 129, 194, 28, 399, 459, 10, 138, 119, 497, 165, 45, 489, 187, 556, 89, 468, 46, 570, 592, 367, 551, 124, 34, 39, 221, 158, 573, 297, 256, 472, 554, 112, 609, 202, 504, 357, 452, 302, 407, 299, 67, 456, 586, 311, 555, 414, 273, 88, 201, 294, 333, 21, 43, 263, 523, 486, 537, 188, 448, 101, 230, 11, 394, 64, 364, 574, 369, 94, 324, 280, 391, 344, 397, 443, 308, 358, 412, 130, 86, 571, 442, 125, 40, 393, 214, 142, 291, 288, 406, 286, 446, 63, 161, 455, 441, 145, 118, 155, 470, 106, 595, 389, 612, 513, 449, 238, 421, 345, 518, 114, 215, 84, 133, 381, 24, 295, 150, 475, 454, 517, 453, 135, 143, 483, 431, 439, 329, 469, 216, 240, 549, 607, 264, 438, 210, 597, 332, 508, 180]"
"[345, 9, 337, 167, 509, 314, 447, 355, 154, 217, 417, 432, 286, 493, 301, 152, 392, 526, 144, 555, 258, 586, 423, 142, 380, 221, 251, 177, 196, 13, 141, 90, 148, 228, 528, 308, 500, 178, 558, 368, 264, 607, 317, 549, 491, 504, 202, 422, 400, 195, 193, 604, 574, 231, 102, 210, 230, 198, 109, 401, 192, 512, 434, 91, 56, 302, 126, 410, 468, 161, 543, 284, 335, 550, 159, 601, 291, 303, 206, 39, 294, 274, 173, 200, 69, 128, 584, 312, 530, 552, 125, 43, 67, 27, 189, 79, 393, 518, 6, 169, 413, 311, 204, 77, 4, 292, 513, 278, 445, 459, 287, 527, 463, 242, 333, 238, 408, 219, 386, 442, 309, 121, 388, 515, 499, 51, 115, 411, 267, 481, 375, 437, 321, 89, 452, 133, 473, 441, 18, 572, 331, 131, 502, 482, 322, 569, 510, 323, 270, 610, 428, 216, 261, 29, 137, 168, 354, 93, 367, 382, 205, 328, 553, 157, 103, 542, 74, 489, 608, 336, 387, 605, 496, 191, 597, 458, 376, 272, 450, 30, 589, 358, 477, 252, 218, 84, 281, 256, 227, 172, 483, 280, 262, 524, 95, 363, 5, 348, 153, 453, 225, 68, 535, 16, 372, 17, 2, 241, 37, 180, 215, 494, 199, 476, 472, 253, 511, 78, 385, 58, 179, 288, 479, 87, 48, 581, 65, 349, 135, 600, 395, 15, 233, 285, 560, 427, 188, 143, 429, 587, 397, 611, 214, 155, 326, 54, 532, 7, 72, 181, 396, 283, 325, 419, 521, 223, 451, 598, 592, 315, 389, 365, 224, 19, 47, 342, 529, 519, 457, 497, 140, 485, 359, 412, 145, 554, 313, 101, 182, 522, 467, 55, 194, 134, 344, 351, 594, 34, 356, 562, 246, 98, 329, 42, 531, 480, 108, 609, 277, 536, 52, 158, 603, 394, 271, 596, 484, 244, 260, 240, 23, 186, 443, 88, 299, 254, 28, 431, 81, 150, 307, 360, 53, 296, 236, 606, 40, 100, 132, 112, 495, 561, 439, 544, 239, 61, 295, 384, 539, 579, 435, 440, 119, 165, 556, 371, 149, 63, 517, 184, 390, 588, 24, 570, 212, 318, 45, 282, 147, 306, 105, 80, 460, 82, 300, 146, 136, 464, 340, 248, 444, 548, 383, 433, 391, 407, 110, 96, 534, 591, 226, 404, 62, 249, 46, 33, 415, 474, 563, 293, 8, 104, 11, 546, 582, 398, 416, 421, 290, 94, 583, 171, 334, 113, 486, 268, 370, 247, 573, 49, 310, 514, 341, 25, 551, 378, 487, 523, 377, 222, 21, 454, 12, 508, 26, 399, 107]","[60, 209, 424, 235, 86, 470, 503, 35, 576, 14, 170, 409, 357, 111, 76, 507, 92, 575, 466, 347, 465, 353, 160, 448, 129, 418, 66, 461, 162, 245, 41, 346, 163, 478, 183, 70, 38, 557, 59, 229, 369, 373, 289, 22, 203, 130, 436, 525, 374, 566, 316, 298, 319, 1, 85, 352, 490, 446, 541, 578, 320, 116, 10, 120, 350, 506, 257, 71, 324, 211, 379, 332, 305, 127, 362, 304, 599, 405, 156, 265, 118, 559, 176, 50, 366, 571, 438, 124, 31, 540, 364, 151, 208, 20, 32, 243, 414, 327, 488, 83, 430, 197, 475, 406, 139, 564, 580, 426, 175, 343, 279, 57, 255, 138, 568, 339, 232, 106, 330, 595, 547, 593, 213, 259, 269, 545, 266, 498, 565, 533, 273, 462, 114, 602, 3, 505, 537, 456, 276, 73, 403, 97, 99, 275, 122, 166, 190, 590, 538, 577, 449, 64, 185, 471, 201, 117, 36, 174, 520, 220, 469, 338, 297, 612, 585, 187, 402, 250, 207, 123, 263, 501, 516, 75, 567, 420, 164, 44, 492, 455, 361, 237, 381, 234, 425]"
"[82, 299, 590, 58, 474, 521, 149, 96, 224, 343, 444, 226, 215, 404, 325, 195, 459, 132, 364, 312, 351, 237, 494, 44, 518, 340, 180, 214, 553, 30, 335, 416, 197, 230, 314, 320, 566, 606, 307, 438, 229, 64, 263, 569, 152, 52, 142, 467, 524, 146, 528, 408, 327, 365, 203, 218, 101, 410, 539, 257, 206, 245, 77, 558, 502, 275, 463, 29, 114, 495, 88, 271, 297, 344, 290, 3, 232, 554, 460, 159, 368, 461, 515, 341, 328, 400, 601, 267, 216, 470, 352, 399, 261, 533, 353, 402, 347, 281, 57, 208, 591, 172, 83, 177, 490, 280, 289, 188, 276, 84, 16, 14, 241, 56, 439, 231, 451, 610, 574, 411, 379, 469, 372, 178, 552, 420, 458, 18, 236, 354, 260, 258, 27, 109, 80, 519, 125, 39, 24, 287, 511, 367, 116, 436, 71, 611, 505, 265, 38, 534, 133, 151, 446, 244, 398, 514, 526, 259, 121, 100, 363, 181, 79, 530, 183, 70, 550, 2, 356, 453, 324, 46, 447, 472, 449, 136, 605, 382, 564, 45, 157, 397, 366, 487, 405, 315, 448, 360, 603, 454, 391, 384, 313, 219, 191, 584, 311, 560, 308, 587, 85, 135, 594, 593, 164, 37, 348, 386, 294, 103, 330, 22, 35, 417, 253, 155, 76, 169, 66, 376, 12, 150, 377, 497, 193, 41, 500, 532, 371, 166, 90, 392, 380, 187, 28, 170, 468, 50, 589, 102, 106, 565, 246, 393, 383, 145, 571, 165, 549, 144, 403, 190, 161, 592, 25, 477, 547, 117, 154, 465, 95, 302, 512, 278, 123, 147, 443, 233, 612, 390, 68, 242, 349, 186, 355, 252, 419, 588, 418, 300, 167, 501, 483, 373, 407, 434, 517, 520, 194, 272, 55, 596, 94, 262, 478, 580, 199, 607, 217, 171, 578, 579, 401, 174, 456, 81, 361, 548, 309, 471, 304, 264, 220, 306, 137, 326, 212, 540, 54, 179, 250, 113, 545, 452, 488, 251, 516, 59, 415, 270, 375, 445, 455, 87, 357, 23, 227, 8, 158, 466, 507, 561, 108, 484, 333, 426, 72, 334, 211, 9, 305, 228, 162, 222, 337, 62, 201, 47, 122, 435, 442, 196, 425, 127, 586, 369, 273, 200, 600, 1, 597, 513, 440, 430, 126, 97, 98, 4, 450, 148, 598, 129, 17, 198, 189, 318, 385, 65, 153, 26, 424, 602, 599, 489, 298, 573, 414, 503, 310, 192, 221, 546, 92, 173, 529, 284, 143, 422, 321, 388, 111, 491, 49, 119, 581, 535, 42, 73, 493, 431, 437, 342, 541, 163, 462, 51, 543]","[583, 301, 209, 256, 510, 248, 156, 428, 10, 362, 13, 239, 331, 527, 141, 240, 479, 522, 128, 604, 389, 358, 255, 140, 104, 296, 496, 506, 394, 536, 160, 134, 486, 74, 570, 210, 395, 322, 7, 93, 542, 457, 485, 346, 499, 538, 339, 184, 551, 293, 338, 6, 75, 475, 130, 319, 48, 279, 91, 168, 525, 268, 559, 567, 387, 432, 492, 441, 396, 556, 139, 292, 32, 15, 421, 562, 285, 138, 223, 235, 374, 202, 568, 482, 504, 575, 609, 238, 531, 359, 118, 464, 332, 370, 86, 266, 429, 63, 282, 43, 112, 234, 555, 303, 608, 277, 182, 316, 473, 350, 576, 345, 185, 585, 409, 291, 31, 286, 115, 105, 254, 595, 323, 99, 36, 508, 247, 381, 523, 509, 577, 33, 537, 427, 124, 563, 317, 557, 412, 205, 243, 329, 60, 61, 107, 204, 213, 582, 481, 21, 288, 249, 274, 498, 11, 78, 476, 423, 378, 225, 120, 413, 53, 67, 269, 5, 20, 433, 19, 480, 406, 69, 207, 34, 572, 336, 40, 175, 544, 110, 131, 176, 283, 89, 295]"
"[473, 367, 475, 21, 326, 33, 423, 606, 533, 509, 88, 176, 396, 587, 558, 315, 40, 34, 457, 603, 581, 570, 76, 507, 224, 30, 135, 361, 181, 91, 7, 77, 547, 123, 599, 435, 114, 567, 179, 306, 535, 117, 477, 539, 93, 36, 178, 412, 527, 465, 167, 50, 440, 612, 249, 212, 261, 111, 487, 182, 311, 414, 466, 505, 566, 66, 264, 342, 4, 165, 492, 284, 139, 293, 485, 519, 341, 271, 259, 47, 144, 546, 246, 235, 106, 113, 101, 283, 143, 195, 25, 73, 573, 383, 121, 577, 146, 345, 454, 583, 598, 251, 524, 11, 3, 266, 194, 216, 411, 314, 109, 211, 592, 257, 467, 166, 27, 578, 442, 126, 305, 100, 49, 75, 461, 2, 322, 29, 370, 323, 256, 417, 369, 223, 413, 313, 164, 248, 227, 462, 525, 448, 99, 366, 41, 177, 115, 506, 24, 508, 43, 243, 289, 419, 553, 92, 310, 381, 471, 405, 204, 228, 221, 451, 459, 416, 511, 120, 80, 483, 203, 258, 339, 1, 127, 5, 128, 460, 62, 82, 491, 44, 406, 569, 609, 476, 96, 398, 79, 295, 560, 536, 390, 584, 403, 13, 486, 86, 26, 83, 172, 302, 236, 16, 590, 233, 349, 262, 433, 571, 510, 18, 55, 595, 363, 130, 496, 197, 31, 282, 545, 561, 189, 463, 183, 565, 586, 424, 225, 371, 410, 87, 285, 391, 214, 241, 278, 286, 124, 377, 576, 441, 378, 32, 213, 528, 589, 319, 65, 238, 446, 384, 15, 53, 556, 107, 551, 71, 557, 513, 385, 275, 601, 188, 38, 344, 434, 574, 134, 512, 354, 22, 147, 103, 105, 386, 89, 343, 78, 292, 138, 430, 544, 494, 564, 580, 337, 607, 318, 428, 63, 239, 37, 555, 137, 409, 320, 400, 131, 290, 300, 155, 272, 230, 199, 328, 267, 443, 140, 432, 408, 456, 401, 174, 312, 449, 372, 407, 605, 464, 222, 348, 206, 263, 64, 317, 59, 382, 141, 550, 568, 168, 431, 192, 537, 297, 532, 54, 474, 404, 217, 358, 376, 9, 421, 501, 530, 340, 23, 97, 180, 220, 582, 150, 125, 493, 540, 39, 153, 260, 154, 268, 402, 450, 426, 184, 562, 538, 330, 142, 534, 309, 207, 444, 437, 481, 375, 161, 196, 252, 274, 95, 365, 14, 226, 520, 273, 447, 575, 610, 559, 198, 445, 57, 169, 68, 329, 469, 357, 502, 281, 304, 175, 215, 393, 70, 452, 296, 129, 597, 122, 458, 602, 160, 321, 156, 380, 497, 489, 10, 205, 484, 303, 427, 46, 399, 347]","[517, 541, 585, 600, 389, 276, 526, 359, 438, 542, 470, 346, 171, 6, 51, 61, 327, 287, 488, 360, 388, 17, 331, 549, 279, 240, 69, 152, 479, 374, 58, 145, 294, 301, 439, 148, 387, 163, 521, 611, 594, 237, 495, 67, 247, 173, 94, 482, 191, 531, 543, 500, 364, 112, 151, 522, 187, 56, 548, 104, 253, 149, 245, 455, 499, 422, 98, 208, 588, 468, 162, 119, 518, 395, 108, 280, 118, 255, 277, 352, 170, 158, 201, 84, 325, 35, 379, 596, 159, 72, 20, 200, 420, 415, 356, 190, 368, 299, 116, 85, 480, 234, 209, 394, 269, 332, 336, 19, 515, 202, 28, 229, 333, 110, 48, 334, 425, 529, 338, 554, 604, 418, 186, 324, 242, 516, 81, 478, 193, 472, 572, 335, 219, 307, 436, 265, 298, 608, 429, 362, 250, 102, 60, 514, 42, 353, 373, 185, 90, 232, 453, 12, 316, 52, 351, 350, 74, 392, 503, 8, 288, 523, 397, 593, 231, 563, 133, 552, 355, 210, 498, 244, 504, 132, 254, 291, 157, 591, 270, 490, 308, 579, 218, 136, 45]"
"[296, 48, 39, 175, 466, 23, 19, 581, 564, 435, 130, 420, 278, 515, 393, 214, 141, 394, 171, 132, 512, 500, 200, 230, 389, 197, 191, 265, 362, 528, 328, 313, 480, 198, 508, 545, 473, 594, 80, 331, 324, 475, 486, 300, 140, 79, 341, 153, 566, 106, 430, 453, 521, 170, 481, 361, 398, 575, 568, 428, 455, 73, 77, 283, 235, 277, 476, 8, 561, 234, 267, 374, 391, 592, 53, 490, 298, 558, 64, 122, 86, 194, 133, 208, 539, 510, 32, 542, 21, 371, 257, 26, 318, 339, 131, 220, 314, 291, 549, 9, 359, 293, 350, 322, 290, 375, 184, 16, 303, 150, 92, 137, 524, 165, 477, 29, 586, 100, 409, 241, 407, 559, 367, 251, 42, 242, 215, 74, 126, 37, 180, 410, 578, 607, 553, 105, 386, 304, 317, 440, 488, 297, 431, 59, 128, 461, 169, 149, 376, 604, 523, 351, 232, 325, 288, 421, 103, 287, 274, 93, 145, 449, 606, 148, 50, 408, 151, 239, 123, 501, 236, 121, 511, 309, 340, 465, 379, 68, 271, 348, 212, 115, 104, 499, 54, 522, 444, 487, 321, 609, 15, 531, 76, 557, 142, 355, 44, 22, 266, 530, 306, 570, 38, 292, 432, 282, 5, 385, 415, 320, 69, 147, 95, 400, 585, 437, 228, 513, 593, 497, 551, 587, 14, 196, 540, 560, 357, 364, 275, 27, 527, 284, 502, 204, 203, 207, 173, 231, 233, 176, 446, 223, 55, 12, 263, 143, 279, 41, 588, 152, 334, 58, 425, 413, 166, 580, 436, 270, 47, 94, 268, 332, 610, 423, 249, 414, 584, 3, 205, 183, 299, 474, 433, 308, 611, 164, 366, 17, 448, 533, 485, 342, 96, 20, 454, 468, 154, 260, 597, 503, 112, 535, 295, 120, 7, 85, 301, 315, 237, 434, 138, 498, 43, 599, 532, 546, 219, 65, 369, 213, 49, 224, 514, 88, 155, 457, 168, 189, 110, 396, 456, 577, 345, 326, 211, 565, 382, 244, 590, 109, 182, 380, 1, 547, 195, 360, 66, 519, 330, 447, 537, 10, 178, 146, 261, 506, 218, 111, 422, 285, 193, 18, 536, 469, 135, 596, 494, 136, 312, 75, 493, 451, 102, 238, 464, 160, 116, 534, 36, 46, 336, 172, 583, 443, 544, 562, 591, 11, 541, 156, 258, 225, 373, 605, 67, 365, 467, 114, 253, 216, 552, 289, 598, 248, 555, 518, 401, 516, 98, 338, 305, 572, 343, 356, 517, 240, 496, 405, 101, 119, 329, 416, 595, 489, 62, 574, 495, 601, 538, 264, 463, 573, 35, 310, 378, 33, 61]","[335, 181, 269, 569, 543, 125, 307, 4, 395, 117, 424, 179, 323, 349, 450, 161, 388, 472, 174, 462, 612, 187, 402, 419, 509, 459, 71, 483, 479, 441, 13, 442, 548, 344, 2, 227, 159, 346, 602, 411, 250, 478, 294, 418, 243, 246, 190, 57, 377, 392, 108, 363, 51, 387, 383, 470, 272, 247, 252, 403, 78, 24, 56, 177, 25, 206, 256, 354, 556, 399, 504, 347, 567, 333, 87, 608, 127, 97, 226, 505, 90, 129, 384, 484, 192, 571, 273, 582, 491, 158, 185, 429, 144, 91, 30, 262, 276, 40, 427, 199, 302, 406, 381, 352, 34, 210, 311, 550, 529, 157, 113, 563, 526, 370, 254, 426, 6, 70, 397, 439, 188, 31, 438, 507, 286, 134, 458, 525, 589, 412, 280, 319, 99, 82, 28, 281, 255, 163, 84, 45, 452, 222, 217, 327, 358, 417, 209, 83, 603, 554, 60, 316, 81, 229, 353, 89, 460, 492, 471, 201, 72, 139, 221, 107, 482, 579, 202, 404, 390, 124, 337, 368, 63, 372, 259, 162, 445, 52, 186, 167, 576, 245, 520, 600, 118]"
"[453, 348, 413, 203, 349, 329, 513, 64, 235, 557, 281, 14, 312, 168, 191, 526, 507, 325, 482, 104, 250, 498, 583, 392, 395, 566, 217, 511, 597, 520, 374, 339, 138, 21, 46, 234, 288, 556, 612, 575, 197, 264, 258, 565, 101, 160, 41, 12, 173, 381, 240, 87, 533, 148, 515, 121, 602, 120, 265, 287, 441, 596, 187, 402, 393, 300, 465, 570, 196, 275, 547, 542, 165, 238, 90, 241, 291, 188, 61, 479, 221, 170, 267, 388, 237, 320, 42, 40, 523, 43, 233, 567, 245, 242, 105, 494, 609, 58, 83, 538, 335, 175, 358, 473, 143, 253, 161, 446, 529, 74, 99, 91, 212, 437, 226, 457, 125, 192, 375, 316, 382, 390, 193, 503, 167, 581, 536, 385, 463, 416, 171, 107, 517, 418, 337, 317, 45, 594, 223, 75, 285, 302, 353, 16, 260, 401, 389, 201, 123, 284, 539, 452, 69, 268, 159, 251, 486, 190, 224, 70, 314, 257, 95, 569, 355, 2, 407, 259, 134, 162, 398, 18, 142, 318, 326, 62, 586, 347, 215, 279, 155, 506, 9, 605, 269, 362, 331, 578, 467, 220, 178, 73, 36, 108, 414, 528, 310, 360, 527, 19, 172, 361, 149, 591, 471, 219, 153, 488, 79, 301, 292, 98, 297, 447, 127, 261, 427, 499, 65, 490, 328, 373, 439, 432, 131, 67, 561, 183, 109, 496, 33, 590, 239, 343, 352, 357, 423, 501, 342, 434, 461, 412, 139, 397, 543, 49, 425, 271, 493, 277, 44, 340, 505, 113, 152, 504, 562, 531, 10, 218, 514, 174, 510, 443, 327, 365, 475, 211, 179, 607, 186, 521, 132, 484, 606, 508, 48, 603, 102, 541, 468, 144, 158, 560, 417, 415, 227, 194, 548, 141, 82, 209, 408, 97, 200, 5, 308, 420, 442, 346, 283, 371, 8, 380, 580, 500, 554, 81, 431, 303, 495, 429, 462, 163, 57, 23, 585, 589, 110, 230, 551, 157, 20, 579, 204, 122, 305, 47, 59, 137, 133, 184, 497, 477, 611, 229, 404, 545, 89, 345, 115, 456, 32, 419, 116, 568, 195, 334, 126, 563, 24, 84, 68, 324, 333, 11, 247, 274, 296, 387, 306, 236, 60, 273, 610, 330, 549, 449, 363, 222, 522, 399, 185, 460, 56, 577, 7, 573, 400, 433, 367, 298, 35, 28, 379, 341, 232, 338, 430, 444, 480, 213, 52, 309, 1, 17, 37, 368, 478, 604, 243, 489, 366, 405, 202, 519, 252, 369, 286, 254, 540, 487, 422, 117, 246, 182, 311, 448, 96, 406, 22, 592, 15, 552, 225, 483, 53]","[464, 516, 129, 136, 307, 502, 278, 571, 492, 25, 4, 38, 600, 394, 403, 537, 3, 169, 564, 294, 249, 55, 364, 295, 276, 293, 544, 166, 332, 553, 85, 509, 39, 146, 481, 206, 411, 181, 378, 530, 26, 534, 474, 270, 450, 112, 151, 88, 512, 140, 525, 426, 383, 436, 207, 599, 558, 356, 147, 266, 470, 344, 304, 377, 376, 472, 438, 370, 584, 535, 272, 27, 574, 262, 572, 54, 391, 290, 546, 323, 128, 86, 598, 359, 63, 313, 208, 555, 424, 216, 458, 321, 593, 455, 51, 6, 485, 94, 315, 282, 31, 92, 428, 409, 491, 156, 177, 150, 78, 595, 29, 559, 280, 454, 100, 180, 576, 93, 518, 319, 255, 135, 372, 587, 76, 440, 130, 50, 71, 476, 114, 256, 445, 198, 524, 532, 469, 106, 164, 145, 119, 421, 386, 72, 351, 263, 210, 601, 248, 66, 118, 322, 154, 189, 435, 608, 299, 205, 350, 354, 336, 13, 176, 199, 289, 550, 34, 582, 124, 384, 244, 451, 228, 459, 466, 410, 80, 588, 396, 111, 231, 214, 77, 103, 30]"
"[292, 32, 416, 426, 163, 38, 94, 83, 104, 380, 1, 415, 287, 47, 187, 373, 529, 546, 365, 438, 131, 207, 90, 208, 275, 433, 154, 398, 162, 255, 57, 171, 270, 297, 524, 271, 376, 518, 384, 268, 383, 306, 452, 226, 591, 468, 209, 136, 227, 379, 473, 237, 251, 119, 595, 181, 153, 395, 411, 429, 499, 593, 23, 382, 88, 109, 552, 597, 240, 62, 232, 612, 236, 601, 169, 530, 350, 340, 159, 377, 279, 410, 480, 534, 453, 172, 235, 54, 229, 357, 168, 330, 344, 584, 302, 566, 212, 129, 89, 230, 400, 392, 316, 201, 320, 405, 189, 21, 86, 418, 470, 559, 272, 573, 508, 557, 562, 565, 144, 150, 527, 85, 216, 319, 363, 532, 165, 309, 161, 260, 378, 393, 117, 372, 341, 446, 607, 151, 318, 526, 488, 490, 10, 213, 138, 403, 148, 121, 579, 71, 522, 598, 17, 77, 390, 58, 457, 66, 110, 327, 157, 465, 147, 19, 35, 160, 33, 313, 6, 386, 245, 112, 482, 324, 507, 553, 358, 454, 146, 374, 369, 123, 92, 425, 461, 225, 401, 29, 399, 31, 277, 45, 528, 262, 103, 149, 101, 558, 253, 239, 580, 447, 391, 7, 276, 280, 569, 290, 234, 254, 26, 2, 252, 28, 107, 247, 338, 173, 604, 82, 388, 196, 36, 184, 120, 432, 15, 586, 479, 381, 310, 352, 102, 50, 404, 608, 210, 48, 540, 68, 183, 408, 233, 412, 445, 582, 339, 14, 335, 364, 87, 542, 221, 533, 331, 248, 592, 156, 578, 195, 155, 67, 224, 575, 345, 570, 417, 521, 303, 370, 116, 333, 610, 286, 246, 603, 491, 366, 531, 182, 75, 49, 214, 581, 282, 63, 519, 458, 475, 311, 441, 24, 197, 307, 113, 304, 460, 431, 492, 406, 202, 152, 106, 9, 389, 114, 449, 164, 609, 25, 455, 273, 241, 568, 56, 8, 512, 505, 299, 347, 285, 99, 537, 141, 308, 456, 588, 73, 199, 424, 349, 264, 219, 305, 375, 256, 128, 459, 193, 414, 42, 249, 191, 501, 515, 443, 476, 269, 560, 463, 74, 98, 257, 437, 281, 496, 220, 3, 539, 346, 550, 332, 185, 218, 44, 444, 328, 407, 387, 509, 143, 177, 223, 481, 353, 261, 179, 323, 55, 244, 231, 127, 41, 440, 543, 139, 12, 11, 52, 37, 188, 498, 125, 243, 176, 563, 69, 420, 587, 525, 59, 596, 336, 91, 555, 467, 342, 469, 567, 43, 81, 497, 541, 538, 126, 368, 293, 402, 547, 549, 504, 186, 523, 606, 258, 325, 514]","[124, 574, 267, 242, 166, 464, 423, 506, 259, 203, 422, 298, 167, 605, 474, 356, 294, 571, 5, 572, 80, 434, 284, 96, 484, 263, 122, 301, 564, 590, 466, 20, 222, 204, 312, 178, 93, 60, 485, 22, 111, 554, 487, 494, 367, 428, 436, 190, 419, 348, 140, 435, 34, 536, 95, 396, 317, 503, 278, 421, 394, 594, 450, 334, 134, 561, 599, 137, 583, 46, 133, 30, 217, 135, 413, 228, 600, 442, 295, 238, 477, 513, 174, 326, 283, 4, 79, 291, 472, 115, 535, 520, 548, 211, 296, 53, 97, 194, 343, 576, 371, 589, 545, 40, 430, 175, 544, 300, 551, 192, 448, 288, 577, 27, 360, 355, 39, 132, 354, 351, 483, 361, 409, 556, 439, 489, 65, 142, 516, 78, 198, 471, 451, 51, 70, 18, 206, 517, 502, 76, 145, 500, 105, 337, 321, 289, 72, 250, 602, 359, 362, 478, 397, 314, 493, 315, 118, 427, 495, 13, 585, 16, 64, 170, 510, 329, 265, 462, 385, 100, 108, 180, 61, 511, 84, 322, 611, 486, 205, 266, 200, 215, 274, 158, 130]"
"[415, 482, 75, 397, 394, 559, 521, 425, 158, 252, 151, 258, 303, 212, 239, 408, 552, 37, 544, 7, 200, 31, 440, 476, 602, 343, 249, 309, 80, 235, 418, 203, 287, 95, 333, 302, 265, 146, 81, 520, 279, 76, 424, 149, 377, 45, 123, 94, 189, 122, 578, 26, 133, 237, 126, 19, 390, 334, 378, 163, 24, 271, 335, 275, 236, 414, 162, 104, 68, 386, 13, 174, 579, 420, 117, 402, 12, 519, 23, 547, 261, 357, 383, 108, 168, 167, 431, 180, 315, 590, 148, 96, 514, 359, 124, 536, 32, 342, 441, 532, 188, 435, 374, 311, 270, 373, 58, 480, 40, 332, 314, 87, 516, 129, 404, 457, 411, 490, 419, 170, 551, 34, 504, 178, 140, 241, 119, 597, 74, 325, 82, 292, 222, 18, 278, 426, 405, 352, 132, 466, 109, 562, 269, 30, 321, 25, 313, 367, 86, 93, 67, 284, 33, 380, 1, 608, 539, 365, 604, 522, 298, 177, 346, 256, 92, 36, 574, 535, 609, 312, 190, 165, 442, 56, 221, 263, 183, 524, 338, 181, 248, 427, 156, 64, 510, 370, 116, 610, 48, 406, 530, 461, 382, 251, 596, 310, 65, 351, 135, 555, 502, 229, 282, 560, 588, 369, 575, 121, 511, 66, 587, 293, 219, 290, 296, 253, 8, 111, 205, 224, 443, 79, 85, 361, 209, 231, 161, 230, 449, 72, 507, 164, 384, 489, 145, 201, 218, 503, 107, 204, 446, 47, 328, 543, 259, 78, 484, 499, 537, 421, 444, 69, 611, 448, 304, 195, 198, 341, 492, 518, 294, 556, 354, 172, 515, 375, 436, 505, 266, 452, 595, 20, 288, 540, 238, 102, 379, 451, 299, 46, 11, 98, 144, 262, 193, 118, 433, 42, 128, 223, 401, 403, 207, 159, 21, 581, 407, 497, 308, 568, 472, 371, 488, 336, 323, 376, 474, 53, 276, 318, 465, 63, 101, 322, 495, 199, 283, 52, 500, 84, 186, 409, 29, 244, 289, 127, 496, 565, 508, 3, 22, 27, 297, 112, 573, 438, 509, 15, 130, 14, 607, 329, 589, 542, 99, 137, 538, 393, 439, 281, 362, 175, 245, 432, 353, 601, 185, 603, 6, 184, 232, 243, 591, 434, 115, 399, 455, 582, 356, 584, 475, 16, 612, 528, 493, 152, 337, 417, 317, 191, 460, 213, 97, 527, 202, 83, 592, 350, 197, 523, 326, 569, 583, 226, 44, 240, 154, 60, 43, 469, 260, 483, 577, 139, 517, 51, 388, 572, 345, 59, 143, 485, 277, 217, 305, 49, 479, 210, 416, 147, 526, 110, 355, 594, 358, 208, 113]","[340, 454, 182, 131, 437, 563, 141, 250, 339, 599, 89, 194, 35, 39, 348, 494, 103, 160, 254, 9, 554, 541, 125, 396, 381, 557, 363, 55, 88, 389, 70, 349, 458, 477, 301, 534, 216, 400, 134, 155, 468, 546, 324, 274, 423, 533, 106, 525, 90, 295, 531, 285, 77, 398, 429, 385, 464, 558, 28, 187, 478, 286, 570, 459, 220, 41, 462, 463, 331, 330, 157, 600, 566, 316, 233, 120, 481, 453, 392, 428, 50, 268, 300, 585, 548, 57, 264, 179, 368, 501, 360, 100, 71, 473, 487, 561, 242, 512, 257, 598, 91, 605, 506, 280, 61, 171, 5, 445, 2, 169, 498, 136, 606, 150, 586, 54, 550, 192, 234, 306, 142, 470, 553, 410, 391, 211, 447, 267, 567, 467, 272, 291, 593, 320, 529, 273, 319, 513, 366, 491, 549, 10, 105, 246, 138, 166, 344, 450, 412, 227, 173, 206, 196, 580, 215, 364, 153, 576, 471, 255, 327, 571, 387, 395, 17, 545, 176, 564, 247, 225, 4, 430, 73, 38, 114, 486, 62, 422, 307, 347, 372, 456, 214, 413, 228]"
"[304, 278, 361, 94, 84, 12, 604, 5, 159, 119, 147, 247, 228, 573, 212, 453, 477, 494, 562, 524, 154, 597, 312, 589, 133, 54, 371, 534, 565, 272, 335, 492, 321, 18, 533, 526, 313, 587, 375, 144, 239, 561, 328, 527, 241, 478, 539, 442, 509, 61, 179, 326, 611, 560, 37, 47, 101, 450, 520, 472, 522, 554, 504, 95, 466, 415, 107, 229, 421, 191, 443, 202, 170, 320, 52, 50, 384, 193, 230, 609, 257, 22, 213, 75, 141, 106, 351, 262, 171, 447, 499, 280, 38, 353, 111, 388, 260, 150, 380, 582, 254, 429, 316, 332, 578, 591, 293, 270, 581, 545, 251, 102, 148, 177, 523, 33, 551, 516, 377, 190, 225, 570, 576, 590, 515, 135, 373, 381, 379, 185, 386, 76, 422, 125, 549, 60, 24, 261, 281, 204, 366, 354, 374, 118, 120, 21, 324, 352, 464, 485, 347, 90, 425, 428, 300, 187, 480, 19, 487, 255, 439, 284, 345, 369, 290, 243, 286, 575, 586, 474, 489, 269, 592, 583, 91, 468, 564, 100, 157, 123, 226, 398, 419, 430, 79, 438, 3, 426, 307, 323, 501, 288, 548, 325, 240, 216, 205, 505, 337, 97, 279, 506, 350, 164, 161, 256, 311, 298, 460, 448, 138, 461, 433, 77, 65, 525, 486, 521, 238, 46, 25, 383, 498, 137, 277, 424, 511, 530, 584, 396, 169, 209, 89, 469, 163, 93, 35, 99, 566, 407, 603, 559, 103, 495, 231, 31, 476, 314, 227, 412, 483, 67, 536, 423, 449, 210, 186, 510, 518, 129, 32, 331, 327, 580, 142, 45, 252, 319, 68, 113, 58, 553, 275, 544, 612, 406, 454, 411, 387, 166, 306, 78, 160, 263, 349, 348, 467, 126, 395, 55, 167, 295, 267, 357, 297, 579, 26, 62, 339, 606, 359, 458, 114, 540, 14, 475, 497, 601, 40, 20, 112, 417, 130, 249, 235, 250, 550, 197, 276, 143, 401, 333, 206, 451, 236, 173, 220, 436, 246, 44, 452, 221, 82, 200, 473, 27, 214, 308, 538, 572, 287, 69, 176, 392, 283, 364, 87, 363, 98, 158, 482, 431, 400, 341, 360, 368, 456, 140, 517, 181, 567, 165, 588, 189, 86, 183, 42, 512, 152, 265, 16, 502, 552, 96, 128, 57, 598, 56, 405, 557, 282, 63, 370, 117, 607, 266, 599, 259, 23, 292, 479, 571, 273, 362, 529, 342, 109, 2, 195, 30, 72, 155, 17, 28, 537, 344, 416, 224, 484, 248, 577, 48, 309, 594, 382, 207, 410, 41, 11, 574, 409, 408, 108, 6, 9, 285, 232]","[535, 465, 427, 596, 188, 496, 223, 528, 532, 271, 432, 508, 491, 435, 470, 198, 245, 334, 274, 218, 134, 310, 338, 602, 445, 88, 151, 121, 500, 136, 336, 420, 356, 162, 493, 507, 343, 81, 104, 393, 83, 74, 244, 145, 192, 80, 317, 132, 378, 514, 346, 302, 542, 595, 418, 414, 208, 237, 64, 66, 462, 329, 39, 258, 115, 600, 110, 605, 593, 490, 194, 201, 459, 217, 43, 174, 215, 394, 184, 471, 404, 13, 268, 211, 397, 303, 222, 131, 446, 92, 253, 73, 59, 556, 182, 203, 413, 233, 139, 503, 385, 441, 358, 402, 610, 49, 440, 8, 149, 391, 547, 180, 242, 124, 389, 36, 513, 399, 4, 7, 175, 519, 51, 168, 105, 301, 555, 444, 10, 457, 340, 546, 296, 34, 156, 355, 116, 585, 53, 289, 153, 294, 15, 299, 437, 608, 318, 330, 178, 196, 315, 127, 71, 372, 146, 29, 291, 122, 199, 531, 481, 376, 172, 264, 541, 488, 219, 434, 365, 455, 322, 543, 70, 305, 463, 1, 403, 563, 234, 390, 569, 558, 367, 85, 568]"
"[64, 60, 229, 519, 310, 226, 262, 489, 409, 181, 137, 317, 40, 19, 398, 608, 290, 248, 578, 141, 43, 256, 498, 225, 348, 354, 235, 493, 224, 105, 82, 412, 576, 402, 174, 32, 484, 316, 29, 590, 258, 221, 325, 312, 261, 322, 134, 332, 344, 42, 607, 111, 171, 257, 28, 414, 194, 542, 307, 548, 145, 487, 75, 130, 505, 517, 217, 377, 561, 231, 94, 368, 376, 362, 122, 152, 494, 448, 539, 61, 2, 421, 328, 349, 210, 117, 441, 249, 50, 410, 465, 527, 98, 126, 133, 531, 305, 153, 530, 342, 454, 299, 467, 218, 87, 570, 292, 526, 106, 155, 298, 230, 610, 12, 341, 339, 227, 355, 605, 296, 246, 81, 544, 266, 139, 45, 383, 68, 602, 584, 497, 281, 419, 283, 515, 327, 552, 413, 13, 315, 435, 162, 238, 163, 464, 374, 219, 22, 156, 381, 359, 445, 199, 9, 8, 390, 512, 430, 366, 284, 295, 129, 288, 303, 104, 510, 452, 6, 525, 127, 564, 88, 506, 499, 202, 321, 160, 272, 428, 149, 365, 520, 594, 609, 128, 416, 59, 280, 62, 34, 220, 507, 93, 439, 447, 250, 560, 492, 330, 496, 192, 331, 91, 431, 314, 476, 580, 74, 190, 597, 25, 293, 405, 206, 236, 49, 150, 426, 532, 356, 541, 379, 119, 254, 437, 168, 135, 243, 44, 308, 457, 471, 568, 116, 392, 601, 55, 566, 264, 269, 473, 361, 458, 329, 4, 242, 259, 533, 302, 108, 144, 99, 450, 265, 586, 201, 438, 294, 427, 203, 80, 513, 404, 11, 285, 337, 200, 422, 161, 95, 440, 189, 251, 179, 53, 364, 350, 563, 318, 197, 247, 418, 591, 36, 585, 114, 39, 279, 384, 547, 297, 367, 599, 120, 175, 524, 278, 403, 504, 550, 406, 343, 46, 239, 26, 508, 553, 166, 460, 215, 286, 556, 159, 33, 51, 388, 555, 370, 393, 102, 575, 399, 456, 469, 178, 449, 558, 453, 389, 334, 537, 559, 176, 521, 83, 70, 423, 336, 234, 432, 20, 237, 143, 486, 420, 573, 113, 17, 345, 109, 253, 63, 187, 154, 263, 567, 223, 110, 472, 593, 132, 596, 475, 209, 216, 275, 185, 400, 326, 540, 485, 589, 1, 397, 7, 167, 358, 232, 27, 58, 415, 15, 433, 277, 240, 23, 71, 444, 463, 157, 522, 147, 306, 35, 89, 48, 391, 309, 123, 182, 291, 177, 65, 140, 66, 282, 491, 193, 385, 31, 347, 482, 273, 514, 158, 76, 340, 205, 360, 69, 208, 142, 228, 442, 252, 363, 351]","[474, 52, 481, 371, 373, 572, 538, 455, 600, 301, 394, 369, 587, 495, 5, 244, 483, 37, 395, 267, 401, 501, 411, 611, 319, 304, 138, 180, 21, 424, 333, 67, 577, 551, 77, 204, 191, 511, 324, 528, 85, 543, 211, 466, 478, 490, 24, 276, 112, 408, 54, 92, 300, 165, 352, 549, 378, 287, 233, 429, 375, 118, 516, 468, 562, 372, 554, 603, 323, 78, 241, 274, 583, 47, 461, 581, 212, 417, 546, 72, 357, 14, 380, 446, 57, 164, 536, 73, 30, 407, 183, 338, 579, 353, 268, 571, 509, 569, 480, 86, 443, 557, 107, 97, 574, 320, 207, 16, 436, 172, 612, 79, 100, 477, 222, 115, 604, 502, 335, 136, 386, 84, 588, 582, 151, 518, 186, 488, 131, 271, 434, 535, 565, 173, 523, 346, 198, 125, 195, 459, 289, 121, 396, 534, 148, 169, 595, 529, 146, 245, 479, 213, 425, 387, 188, 56, 311, 270, 170, 255, 38, 545, 606, 462, 18, 598, 196, 3, 96, 500, 10, 184, 451, 214, 90, 313, 470, 103, 592, 41, 260, 101, 382, 124, 503]"
"[598, 116, 274, 584, 475, 363, 169, 214, 310, 101, 21, 104, 493, 228, 319, 194, 577, 41, 264, 414, 535, 404, 516, 482, 359, 400, 269, 163, 250, 33, 142, 167, 219, 144, 72, 461, 346, 397, 459, 472, 10, 488, 340, 591, 545, 588, 503, 13, 113, 262, 593, 158, 183, 358, 410, 305, 14, 442, 151, 534, 296, 332, 49, 586, 202, 11, 460, 507, 487, 284, 561, 595, 125, 302, 282, 432, 68, 398, 365, 225, 1, 552, 147, 370, 22, 248, 307, 497, 547, 12, 23, 406, 392, 458, 48, 278, 394, 549, 15, 306, 65, 338, 308, 208, 60, 539, 304, 594, 80, 210, 447, 429, 61, 253, 542, 509, 271, 419, 66, 199, 464, 172, 259, 478, 607, 171, 560, 587, 548, 64, 579, 443, 495, 367, 279, 505, 176, 457, 207, 285, 76, 386, 452, 35, 524, 415, 376, 42, 133, 188, 490, 19, 318, 179, 492, 489, 501, 242, 170, 190, 63, 258, 139, 407, 241, 538, 25, 600, 405, 491, 192, 124, 91, 596, 75, 127, 403, 347, 92, 217, 377, 436, 78, 610, 95, 562, 434, 451, 541, 2, 485, 396, 178, 566, 294, 325, 565, 146, 273, 349, 218, 321, 239, 426, 182, 484, 355, 569, 215, 526, 513, 550, 573, 46, 385, 189, 51, 597, 136, 140, 316, 43, 420, 193, 31, 162, 374, 463, 115, 375, 174, 45, 473, 165, 341, 467, 575, 37, 323, 330, 111, 335, 226, 344, 265, 286, 567, 315, 20, 123, 382, 401, 249, 145, 528, 529, 227, 275, 511, 438, 44, 328, 276, 152, 474, 156, 135, 301, 94, 537, 26, 245, 605, 599, 578, 364, 53, 368, 204, 184, 237, 164, 339, 27, 86, 532, 585, 527, 417, 356, 236, 233, 324, 611, 479, 108, 556, 180, 58, 322, 206, 90, 161, 570, 148, 36, 102, 608, 465, 222, 84, 299, 500, 166, 387, 433, 343, 298, 437, 536, 416, 408, 462, 612, 261, 57, 590, 292, 602, 195, 531, 564, 348, 224, 155, 128, 119, 216, 494, 40, 506, 441, 309, 153, 181, 427, 326, 220, 295, 515, 138, 352, 517, 449, 345, 230, 280, 563, 609, 314, 97, 499, 510, 243, 333, 3, 353, 336, 272, 105, 523, 257, 422, 519, 185, 409, 260, 240, 453, 71, 173, 289, 246, 393, 477, 439, 62, 428, 96, 283, 334, 52, 546, 205, 254, 576, 580, 177, 448, 73, 29, 518, 6, 47, 263, 132, 9, 234, 351, 74, 466, 67, 481, 291, 109, 553, 574, 120, 131, 411, 601, 270, 312, 30, 311, 440, 470]","[288, 244, 32, 118, 281, 329, 88, 389, 129, 252, 544, 360, 514, 381, 69, 413, 99, 126, 350, 38, 149, 430, 483, 213, 384, 159, 198, 122, 211, 232, 168, 256, 112, 423, 201, 512, 357, 141, 589, 380, 390, 56, 7, 77, 55, 317, 143, 82, 373, 85, 418, 93, 59, 212, 290, 157, 354, 8, 186, 604, 79, 87, 399, 476, 293, 303, 568, 530, 508, 372, 520, 130, 313, 606, 110, 134, 435, 196, 34, 107, 121, 402, 187, 582, 424, 268, 431, 28, 554, 454, 362, 425, 456, 391, 486, 117, 83, 103, 24, 18, 450, 388, 114, 571, 238, 444, 89, 603, 160, 17, 558, 551, 300, 197, 150, 231, 81, 557, 361, 247, 5, 366, 412, 223, 175, 221, 378, 287, 70, 592, 445, 327, 471, 379, 498, 581, 504, 98, 229, 154, 543, 255, 540, 331, 54, 137, 369, 39, 469, 583, 496, 468, 203, 525, 266, 559, 521, 267, 455, 251, 191, 100, 446, 16, 421, 200, 297, 533, 4, 106, 522, 371, 342, 555, 502, 320, 235, 209, 277, 572, 383, 480, 50, 337, 395]"
"[38, 147, 471, 230, 456, 132, 35, 559, 510, 573, 252, 358, 478, 404, 58, 56, 455, 561, 506, 123, 586, 114, 10, 95, 290, 170, 449, 542, 7, 412, 144, 545, 611, 139, 271, 335, 181, 610, 585, 84, 348, 242, 606, 232, 577, 249, 353, 288, 306, 199, 414, 603, 188, 259, 256, 489, 107, 467, 597, 329, 486, 604, 255, 129, 293, 589, 380, 383, 500, 250, 593, 90, 590, 334, 64, 61, 539, 257, 310, 514, 465, 550, 490, 251, 204, 521, 9, 119, 231, 237, 39, 75, 464, 413, 333, 307, 196, 320, 319, 266, 599, 442, 273, 72, 399, 311, 189, 125, 492, 315, 276, 30, 433, 549, 354, 263, 33, 393, 37, 215, 579, 344, 355, 247, 269, 6, 124, 44, 77, 63, 444, 566, 410, 325, 83, 323, 284, 534, 347, 378, 522, 159, 382, 459, 171, 398, 574, 130, 374, 426, 172, 69, 146, 417, 428, 184, 87, 41, 47, 160, 140, 164, 26, 418, 143, 166, 113, 243, 560, 575, 609, 150, 152, 438, 267, 326, 180, 183, 85, 295, 20, 55, 127, 240, 274, 52, 48, 235, 270, 554, 461, 345, 32, 601, 528, 24, 447, 612, 198, 248, 292, 458, 512, 244, 122, 111, 515, 495, 499, 43, 394, 88, 375, 12, 529, 484, 525, 34, 356, 155, 376, 563, 535, 185, 538, 571, 468, 390, 532, 203, 594, 487, 527, 551, 437, 572, 368, 476, 261, 391, 149, 312, 167, 430, 206, 305, 296, 472, 592, 178, 145, 214, 419, 421, 81, 15, 553, 76, 371, 96, 287, 385, 457, 388, 332, 193, 28, 605, 453, 536, 408, 78, 460, 503, 297, 222, 494, 519, 31, 556, 435, 425, 73, 112, 136, 331, 68, 507, 516, 158, 365, 488, 60, 466, 221, 187, 94, 555, 71, 570, 153, 397, 567, 316, 497, 369, 236, 210, 5, 283, 511, 463, 505, 302, 21, 62, 49, 142, 141, 25, 86, 173, 209, 523, 526, 364, 431, 423, 562, 451, 409, 576, 134, 148, 220, 202, 321, 298, 40, 473, 454, 217, 324, 165, 157, 475, 367, 308, 50, 524, 343, 389, 349, 406, 133, 482, 190, 80, 205, 540, 219, 317, 513, 340, 370, 322, 595, 120, 128, 224, 543, 42, 279, 22, 246, 238, 11, 330, 110, 74, 135, 225, 558, 547, 361, 97, 422, 275, 481, 493, 352, 336, 169, 27, 405, 470, 277, 197, 479, 552, 82, 303, 373, 480, 395, 19, 294, 386, 351, 285, 226, 548, 281, 103, 200, 201, 194, 2, 314, 175, 100, 8, 289, 544, 518, 588, 109]","[239, 328, 568, 115, 474, 350, 533, 131, 509, 401, 191, 530, 346, 477, 337, 98, 272, 531, 407, 587, 387, 216, 469, 29, 537, 65, 278, 362, 106, 598, 234, 17, 1, 51, 498, 304, 403, 441, 228, 89, 245, 268, 282, 176, 450, 174, 299, 179, 392, 440, 427, 67, 168, 177, 342, 101, 446, 504, 79, 502, 254, 286, 436, 508, 607, 227, 400, 4, 45, 121, 327, 384, 102, 341, 381, 445, 126, 318, 491, 16, 3, 223, 339, 608, 91, 372, 116, 448, 301, 212, 186, 360, 233, 258, 462, 309, 416, 583, 546, 59, 496, 569, 241, 161, 54, 434, 520, 92, 23, 280, 262, 452, 192, 485, 46, 162, 138, 13, 36, 432, 105, 557, 429, 600, 137, 541, 582, 156, 14, 182, 18, 207, 104, 377, 338, 357, 596, 154, 396, 581, 211, 117, 213, 229, 260, 565, 163, 265, 424, 379, 363, 439, 402, 591, 584, 578, 291, 53, 218, 415, 420, 443, 580, 151, 564, 108, 93, 501, 300, 366, 253, 602, 57, 70, 66, 313, 118, 208, 411, 483, 195, 517, 359, 99, 264]"
"[259, 310, 31, 165, 375, 573, 263, 58, 67, 557, 247, 511, 330, 176, 517, 544, 589, 15, 124, 563, 221, 575, 22, 510, 546, 537, 239, 314, 457, 10, 172, 234, 206, 433, 374, 555, 64, 283, 475, 350, 47, 361, 279, 319, 412, 167, 2, 355, 273, 180, 20, 347, 318, 385, 192, 218, 392, 298, 451, 382, 220, 597, 255, 504, 288, 593, 424, 491, 444, 237, 68, 290, 79, 437, 399, 144, 117, 98, 115, 71, 524, 11, 579, 590, 75, 465, 107, 82, 426, 215, 527, 143, 497, 3, 39, 356, 552, 9, 99, 257, 434, 450, 558, 248, 159, 477, 409, 223, 529, 271, 204, 363, 488, 101, 100, 448, 60, 405, 166, 149, 236, 133, 222, 410, 50, 482, 286, 214, 372, 538, 509, 463, 494, 44, 96, 466, 147, 580, 471, 610, 278, 29, 435, 72, 390, 341, 188, 207, 386, 368, 97, 397, 396, 229, 123, 302, 515, 110, 134, 57, 327, 69, 486, 49, 86, 523, 417, 1, 304, 520, 324, 209, 289, 583, 373, 313, 587, 41, 528, 270, 495, 148, 37, 483, 545, 249, 200, 224, 370, 592, 111, 128, 116, 599, 485, 364, 305, 227, 408, 342, 502, 109, 611, 90, 449, 438, 112, 27, 62, 403, 170, 533, 94, 608, 343, 43, 559, 383, 443, 251, 553, 606, 54, 191, 294, 554, 339, 519, 108, 432, 492, 24, 570, 411, 308, 401, 281, 157, 584, 603, 168, 145, 261, 353, 525, 577, 607, 362, 360, 30, 456, 564, 490, 228, 591, 458, 202, 78, 512, 153, 226, 419, 296, 258, 132, 395, 340, 198, 195, 230, 295, 474, 588, 181, 508, 536, 430, 393, 14, 73, 45, 139, 472, 378, 439, 377, 240, 7, 238, 501, 179, 265, 384, 231, 232, 93, 293, 162, 51, 406, 92, 516, 379, 317, 344, 436, 113, 83, 252, 135, 420, 505, 567, 429, 119, 89, 151, 122, 52, 331, 269, 389, 571, 489, 121, 158, 320, 469, 196, 468, 581, 391, 459, 585, 560, 277, 77, 32, 596, 306, 496, 487, 244, 211, 268, 12, 74, 299, 106, 415, 303, 84, 235, 604, 452, 478, 6, 526, 480, 400, 499, 600, 103, 91, 38, 337, 182, 402, 190, 210, 540, 160, 325, 25, 376, 566, 549, 440, 414, 530, 506, 547, 522, 462, 233, 56, 311, 4, 352, 19, 241, 297, 205, 416, 322, 301, 351, 142, 476, 156, 493, 120, 177, 127, 291, 446, 574, 63, 346, 262, 246, 358, 70, 359, 161, 141, 138, 76, 174, 152, 470, 130, 394, 216, 548, 163, 178]","[354, 507, 173, 193, 541, 387, 131, 312, 484, 442, 16, 88, 242, 118, 473, 498, 413, 184, 114, 514, 532, 66, 36, 201, 481, 254, 23, 431, 388, 171, 282, 150, 369, 309, 326, 81, 185, 357, 371, 65, 381, 280, 213, 285, 264, 423, 5, 404, 321, 422, 253, 146, 197, 531, 256, 349, 336, 572, 332, 503, 348, 245, 40, 464, 243, 129, 338, 187, 59, 455, 550, 428, 425, 513, 155, 328, 21, 284, 126, 26, 605, 454, 85, 208, 292, 136, 33, 535, 80, 609, 542, 203, 316, 562, 267, 594, 315, 61, 225, 380, 46, 154, 104, 365, 568, 307, 87, 250, 453, 55, 287, 183, 427, 95, 266, 586, 323, 582, 578, 212, 518, 164, 274, 539, 534, 8, 551, 13, 272, 194, 217, 35, 189, 565, 421, 521, 543, 407, 219, 186, 48, 441, 398, 500, 602, 598, 28, 335, 105, 561, 329, 137, 601, 576, 169, 612, 334, 366, 447, 467, 367, 418, 300, 199, 445, 102, 140, 276, 53, 461, 345, 18, 460, 17, 556, 125, 275, 175, 479, 333, 34, 569, 42, 260, 595]"
"[387, 121, 93, 212, 68, 143, 590, 272, 425, 485, 576, 341, 430, 370, 36, 339, 605, 38, 530, 104, 132, 26, 56, 208, 280, 147, 561, 305, 594, 537, 151, 127, 268, 117, 585, 489, 460, 270, 192, 510, 300, 156, 71, 199, 506, 317, 457, 190, 115, 399, 508, 256, 484, 601, 77, 376, 84, 22, 288, 123, 238, 311, 35, 206, 211, 335, 8, 186, 342, 549, 552, 105, 62, 224, 531, 583, 385, 535, 309, 40, 221, 3, 172, 260, 556, 325, 566, 407, 240, 558, 144, 85, 372, 291, 64, 609, 589, 598, 559, 495, 599, 364, 336, 289, 432, 98, 582, 474, 67, 66, 171, 312, 297, 23, 319, 252, 99, 76, 282, 205, 86, 416, 34, 70, 577, 274, 479, 210, 518, 31, 299, 87, 536, 472, 410, 308, 494, 492, 119, 357, 393, 532, 219, 37, 225, 188, 155, 263, 423, 350, 246, 279, 139, 534, 126, 502, 602, 544, 610, 422, 74, 488, 21, 571, 404, 593, 419, 362, 394, 377, 257, 152, 229, 236, 523, 402, 343, 293, 521, 140, 287, 116, 179, 161, 169, 113, 444, 435, 469, 586, 511, 463, 406, 446, 396, 450, 55, 355, 97, 563, 241, 100, 73, 405, 509, 181, 575, 273, 491, 433, 473, 101, 445, 397, 360, 90, 235, 375, 122, 348, 92, 183, 611, 591, 244, 334, 128, 16, 493, 220, 242, 314, 327, 550, 436, 426, 20, 81, 25, 368, 146, 483, 164, 367, 284, 226, 428, 248, 173, 9, 541, 516, 174, 465, 5, 487, 415, 149, 515, 604, 200, 338, 103, 517, 165, 417, 451, 459, 344, 427, 454, 458, 497, 456, 136, 352, 214, 366, 496, 401, 568, 505, 525, 271, 78, 228, 466, 295, 500, 59, 4, 19, 281, 514, 185, 390, 10, 409, 324, 129, 65, 480, 182, 533, 579, 286, 290, 106, 277, 438, 545, 276, 198, 332, 201, 356, 285, 369, 175, 304, 53, 411, 142, 449, 592, 384, 320, 223, 302, 612, 503, 346, 482, 41, 44, 50, 262, 176, 95, 468, 547, 180, 507, 51, 345, 588, 72, 442, 234, 253, 42, 29, 196, 467, 52, 333, 418, 27, 30, 177, 608, 340, 191, 135, 587, 57, 43, 232, 89, 351, 298, 499, 470, 251, 570, 447, 524, 323, 49, 292, 392, 310, 47, 554, 124, 58, 580, 464, 439, 398, 501, 202, 141, 363, 259, 213, 108, 18, 441, 380, 519, 187, 475, 80, 414, 328, 13, 434, 75, 477, 329, 88, 267, 548, 560, 437, 130, 61, 197, 595, 168, 408, 597, 125, 318, 137, 316]","[381, 131, 133, 361, 462, 170, 83, 573, 7, 522, 471, 195, 606, 603, 391, 160, 527, 581, 11, 526, 420, 478, 607, 365, 353, 265, 46, 373, 166, 569, 233, 193, 574, 307, 504, 194, 429, 79, 269, 54, 358, 513, 371, 111, 490, 17, 102, 374, 452, 230, 306, 60, 539, 167, 481, 216, 153, 120, 247, 322, 567, 448, 431, 24, 250, 283, 301, 520, 14, 15, 512, 12, 91, 148, 112, 203, 254, 275, 542, 157, 261, 538, 296, 145, 163, 540, 553, 150, 557, 498, 584, 239, 109, 303, 94, 337, 600, 389, 158, 231, 107, 189, 154, 178, 551, 386, 412, 529, 96, 528, 326, 453, 28, 543, 294, 383, 218, 400, 313, 110, 138, 330, 572, 546, 331, 564, 266, 382, 388, 6, 565, 45, 596, 264, 421, 378, 578, 237, 476, 278, 39, 184, 33, 315, 217, 162, 379, 32, 321, 245, 1, 215, 159, 243, 443, 63, 227, 347, 359, 82, 2, 118, 249, 424, 209, 555, 455, 134, 395, 258, 48, 486, 349, 440, 354, 255, 413, 222, 204, 69, 461, 403, 114, 207, 562]"
"[572, 426, 264, 112, 143, 52, 259, 281, 539, 211, 179, 70, 577, 520, 598, 416, 580, 263, 487, 135, 414, 480, 132, 524, 495, 545, 345, 453, 34, 279, 339, 597, 333, 61, 137, 289, 130, 39, 192, 225, 425, 595, 63, 508, 174, 257, 327, 146, 193, 411, 58, 195, 316, 423, 377, 118, 221, 220, 186, 64, 240, 499, 311, 114, 129, 303, 606, 574, 371, 185, 86, 265, 236, 50, 109, 38, 541, 160, 102, 125, 513, 431, 401, 180, 517, 151, 332, 365, 354, 173, 241, 216, 215, 549, 417, 313, 403, 357, 433, 559, 138, 156, 432, 206, 6, 26, 443, 83, 567, 530, 177, 369, 79, 350, 590, 587, 387, 183, 491, 329, 422, 113, 510, 380, 444, 302, 583, 467, 298, 273, 47, 324, 200, 25, 294, 35, 272, 60, 430, 537, 190, 111, 153, 605, 108, 11, 483, 396, 124, 66, 507, 589, 464, 94, 406, 201, 199, 563, 176, 564, 8, 258, 78, 362, 304, 437, 238, 370, 528, 5, 492, 242, 126, 21, 308, 80, 317, 440, 15, 235, 490, 197, 234, 518, 408, 203, 312, 538, 98, 1, 434, 267, 514, 136, 322, 509, 76, 300, 449, 374, 494, 609, 167, 155, 168, 59, 244, 585, 421, 478, 394, 262, 586, 347, 548, 384, 204, 463, 355, 23, 363, 166, 326, 331, 534, 81, 576, 516, 555, 232, 150, 282, 115, 454, 287, 181, 152, 62, 570, 162, 30, 604, 412, 93, 511, 165, 214, 529, 269, 182, 383, 361, 37, 446, 43, 100, 415, 359, 358, 2, 352, 89, 105, 391, 389, 553, 424, 379, 373, 261, 292, 592, 140, 578, 568, 472, 340, 351, 400, 170, 117, 33, 356, 493, 222, 594, 24, 532, 558, 447, 87, 57, 14, 323, 208, 557, 107, 611, 22, 299, 335, 296, 284, 191, 465, 418, 252, 209, 588, 256, 218, 486, 544, 95, 121, 163, 556, 435, 381, 388, 438, 367, 498, 10, 547, 27, 295, 85, 74, 342, 20, 343, 522, 198, 119, 116, 579, 277, 283, 533, 16, 92, 224, 230, 51, 310, 223, 527, 561, 457, 9, 268, 413, 133, 441, 149, 142, 542, 266, 385, 450, 475, 147, 189, 169, 469, 306, 455, 31, 375, 523, 271, 154, 75, 515, 319, 325, 49, 157, 103, 41, 462, 599, 584, 175, 253, 436, 603, 581, 127, 7, 305, 122, 398, 229, 526, 496, 250, 353, 274, 248, 582, 320, 571, 482, 67, 366, 521, 419, 476, 376, 227, 484, 540, 82, 159, 468, 337, 237, 13, 148, 188, 120, 99, 439, 473, 573]","[397, 84, 512, 226, 392, 288, 601, 72, 243, 506, 600, 314, 497, 442, 207, 139, 307, 202, 591, 246, 336, 338, 562, 330, 19, 178, 569, 460, 249, 210, 32, 554, 101, 445, 42, 452, 254, 382, 321, 213, 145, 55, 575, 73, 106, 346, 481, 364, 488, 275, 485, 77, 212, 348, 535, 36, 171, 270, 368, 134, 596, 328, 194, 48, 29, 187, 205, 458, 500, 196, 12, 280, 40, 402, 17, 90, 184, 251, 461, 54, 593, 4, 285, 399, 410, 144, 479, 471, 158, 28, 504, 217, 360, 560, 245, 97, 56, 260, 315, 407, 546, 318, 459, 161, 68, 474, 71, 255, 456, 278, 427, 293, 550, 88, 404, 525, 164, 395, 344, 451, 228, 128, 372, 233, 428, 610, 386, 552, 239, 46, 96, 378, 18, 505, 309, 390, 141, 409, 429, 405, 69, 297, 607, 65, 44, 612, 110, 349, 172, 551, 531, 219, 477, 301, 489, 466, 104, 448, 602, 565, 566, 341, 123, 290, 45, 291, 519, 231, 501, 608, 91, 502, 503, 393, 131, 536, 247, 286, 334, 3, 53, 543, 420, 470, 276]"
